日期,开盘,收盘,涨跌额,涨跌幅,最低,最高,成交量,成交金额,换手率
2019-1-31,3.18,3.2,0.03,0.95%,3.18,3.22,3342948,106833.578,0.00%
2019-1-30,3.18,3.17,-0.02,-0.66%,3.17,3.2,2129268,67781.211,0.00%
2019-1-29,3.17,3.19,0.01,0.44%,3.15,3.2,3587900,113985.023,0.00%
2019-1-28,3.2,3.18,0,-0.13%,3.17,3.23,2966955,95056.891,0.00%
2019-1-25,3.16,3.18,0.02,0.76%,3.16,3.2,2722859,86744.766,0.00%
2019-1-24,3.14,3.16,0.02,0.77%,3.12,3.17,2543770,80001.18,0.00%
2019-1-23,3.14,3.14,-0.01,-0.25%,3.13,3.16,2255126,70895.984,0.00%
2019-1-22,3.18,3.14,-0.04,-1.26%,3.14,3.18,2543107,80199.852,0.00%
2019-1-21,3.17,3.18,0.02,0.54%,3.16,3.2,2851849,90844.547,0.00%
2019-1-18,3.12,3.17,0.05,1.74%,3.12,3.18,3889859,122613.812,0.00%
2019-1-17,3.13,3.11,-0.02,-0.54%,3.11,3.14,2381767,74420.008,0.00%
2019-1-16,3.13,3.13,0,0.00%,3.11,3.13,1877281,58652.523,0.00%
2019-1-15,3.13,3.19,0.06,1.89%,3.13,3.19,3518301,111256.625,0.00%
2019-1-2,3.07,3.02,-0.04,-1.37%,3.01,3.07,3509348,106296.719,0.00%
2018-12-28,3.06,3.06,0.01,0.23%,3.05,3.09,3892666,119257.445,0.00%
2018-12-27,3.1,3.05,-0.01,-0.23%,3.05,3.1,2353476,72442.828,0.00%
2018-12-26,3.07,3.06,-0.02,-0.55%,3.05,3.08,2164598,66381.922,0.00%
2018-12-24,3.08,3.1,0.01,0.23%,3.07,3.1,2414407,74542.07,0.00%
2018-12-21,3.12,3.09,-0.04,-1.25%,3.07,3.12,3864981,119253.914,0.00%
2018-12-20,3.14,3.13,-0.02,-0.73%,3.1,3.16,3465181,108355.453,0.00%
2018-12-19,3.19,3.15,-0.03,-1.04%,3.14,3.19,2910278,92237.422,0.00%
2018-12-18,3.21,3.18,-0.04,-1.24%,3.17,3.23,3278633,104749.367,0.00%
2018-12-17,3.22,3.22,0,-0.12%,3.2,3.23,3507314,112848.922,0.00%
2018-12-13,3.24,3.28,0.06,1.70%,3.23,3.3,4177232,136900.078,0.00%
2018-12-12,3.24,3.23,0.01,0.34%,3.22,3.25,2090476,67510.336,0.00%
2018-12-11,3.21,3.22,0.01,0.41%,3.2,3.22,1518319,48759.488,0.00%
2018-12-10,3.21,3.2,-0.03,-0.93%,3.19,3.23,2601286,83508.656,0.00%
2018-12-7,3.24,3.24,-0.01,-0.22%,3.23,3.25,1924266,62448.922,0.00%
2018-12-6,3.28,3.24,-0.07,-2.02%,3.24,3.28,4354710,141700.5,0.00%
2018-12-5,3.29,3.31,-0.02,-0.45%,3.28,3.33,2694283,89076.477,0.00%
2018-12-4,3.31,3.32,0,0.15%,3.3,3.33,2204018,73067.57,0.00%
2018-12-3,3.33,3.32,0.08,2.60%,3.29,3.34,5925490,196788.422,0.00%
2018-11-30,3.2,3.24,0.03,1.03%,3.19,3.24,2691271,86523.18,0.00%
2018-11-29,3.25,3.2,-0.03,-0.99%,3.2,3.26,2037880,65901.367,0.00%
2018-11-28,3.19,3.23,0.05,1.51%,3.18,3.24,2517278,80947.625,0.00%
2018-11-27,3.2,3.19,0,-0.09%,3.18,3.21,2798289,89455.734,0.00%
2018-11-26,3.19,3.19,0,0.16%,3.17,3.22,4260560,136142.266,0.00%
2018-11-23,3.26,3.18,-0.08,-2.60%,3.18,3.27,3672487,118206.336,0.00%
2018-11-22,3.28,3.27,-0.01,-0.27%,3.25,3.29,3222327,105244.984,0.00%
2018-11-21,3.24,3.28,0,0.09%,3.24,3.29,2891170,94542.367,0.00%
2018-11-20,3.33,3.28,-0.07,-2.18%,3.26,3.33,3825191,126136.578,0.00%
2018-11-19,3.31,3.35,0.04,1.12%,3.3,3.35,3650423,121542.039,0.00%
2018-11-16,3.31,3.31,0.01,0.30%,3.28,3.34,4153067,137660.188,0.00%
2018-11-15,3.26,3.3,0.04,1.32%,3.26,3.3,3344246,109816.078,0.00%
2018-11-14,3.29,3.26,-0.04,-1.21%,3.25,3.3,3412692,111714.391,0.00%
2018-11-13,3.23,3.3,0.03,1.04%,3.22,3.32,4499382,146991.984,0.00%
2018-11-12,3.22,3.26,0.04,1.12%,3.22,3.27,3474719,112655.875,0.00%
2018-11-9,3.25,3.23,-0.04,-1.25%,3.23,3.25,3006413,97426.906,0.00%
2018-11-8,3.3,3.27,0,-0.09%,3.26,3.31,3121866,102663.172,0.00%
2018-11-7,3.3,3.27,-0.03,-0.82%,3.27,3.34,3920487,129344.242,0.00%
2018-11-6,3.31,3.3,-0.02,-0.63%,3.27,3.32,3370718,110960.344,0.00%
2018-11-5,3.34,3.32,-0.04,-1.28%,3.29,3.34,4511809,149825.688,0.00%
2018-11-2,3.35,3.36,0.14,4.18%,3.28,3.38,8571833,285022.75,0.00%
2018-11-1,3.24,3.23,0.02,0.72%,3.22,3.28,5178410,168462.859,0.00%
2018-10-31,3.18,3.2,0.04,1.17%,3.16,3.23,3798124,121557.719,0.00%
2018-10-30,3.12,3.17,0.04,1.18%,3.11,3.2,5465880,172535.688,0.00%
2018-10-29,3.22,3.13,-0.1,-3.00%,3.11,3.23,4083249,128998.453,0.00%
2018-10-26,3.27,3.23,-0.03,-1.01%,3.2,3.28,4499658,145879.234,0.00%
2018-10-25,3.17,3.26,0.02,0.49%,3.16,3.27,5283846,169432.953,0.00%
2018-10-24,3.24,3.24,0,0.15%,3.23,3.31,5306690,172965.688,0.00%
2018-10-23,3.35,3.24,-0.11,-3.37%,3.22,3.35,8599760,282651.188,0.00%
2018-10-22,3.25,3.35,0.17,5.27%,3.2,3.37,9341864,308953.469,0.00%
2018-10-19,3.09,3.18,0.08,2.54%,3.07,3.2,6731054,210774.219,0.00%
2018-10-18,3.16,3.11,-0.07,-2.20%,3.1,3.16,5932914,185647.031,0.00%
2018-10-17,3.2,3.18,0.01,0.35%,3.12,3.22,6437365,204412.781,0.00%
2018-10-16,3.19,3.16,-0.02,-0.66%,3.15,3.23,4938840,157322.016,0.00%
2018-10-15,3.24,3.19,-0.05,-1.45%,3.18,3.24,2926292,93952.391,0.00%
2018-10-12,3.18,3.23,0.06,1.86%,3.16,3.25,5007326,160283,0.00%
2018-10-11,3.25,3.17,-0.17,-5.14%,3.15,3.27,6675568,215065.672,0.00%
2018-10-10,3.35,3.35,0,-0.06%,3.31,3.38,2636641,88233.508,0.00%
2018-10-9,3.35,3.35,0.01,0.21%,3.34,3.37,1965700,65915.062,0.00%
2018-10-8,3.43,3.34,-0.17,-4.76%,3.34,3.43,4299048,145577.703,0.00%
2018-9-28,3.48,3.51,0.04,1.04%,3.47,3.51,3022668,105678.359,0.00%
2018-9-27,3.48,3.47,-0.02,-0.43%,3.46,3.49,2312029,80258.367,0.00%
2018-9-26,3.45,3.49,0.04,1.10%,3.45,3.52,3015784,105165.961,0.00%
2018-9-25,3.45,3.45,-0.04,-1.00%,3.43,3.46,2089806,72003.797,0.00%
2018-9-21,3.39,3.48,0.11,3.14%,3.38,3.49,4773660,163885.906,0.00%
2018-9-20,3.38,3.38,0,-0.06%,3.37,3.41,2440904,82553.961,0.00%
2018-9-19,3.33,3.38,0.04,1.35%,3.32,3.41,4463292,150612.969,0.00%
2018-9-18,3.26,3.34,0.06,1.93%,3.26,3.34,2367468,78159.258,0.00%
2018-9-17,3.28,3.27,-0.03,-0.94%,3.26,3.29,1156508,37885.297,0.00%
2018-9-14,3.3,3.3,0,0.15%,3.29,3.32,1756240,57989.281,0.00%
2018-9-13,3.3,3.3,0.04,1.07%,3.26,3.32,2597714,85341.141,0.00%
2018-9-12,3.28,3.26,-0.02,-0.70%,3.26,3.29,2061822,67516.414,0.00%
2018-9-11,3.3,3.29,-0.01,-0.36%,3.27,3.31,2253782,74194.648,0.00%
2018-9-10,3.33,3.3,-0.05,-1.43%,3.29,3.34,1603306,53006.797,0.00%
2018-9-7,3.33,3.35,0.02,0.66%,3.31,3.38,1850578,62016.371,0.00%
2018-9-6,3.35,3.32,-0.03,-0.86%,3.31,3.38,2133340,71399.914,0.00%
2018-9-5,3.41,3.35,-0.07,-2.04%,3.35,3.42,1952640,66194.719,0.00%
2018-9-4,3.38,3.42,0.04,1.18%,3.37,3.44,1749978,59672.102,0.00%
2018-9-3,3.39,3.38,-0.01,-0.21%,3.35,3.4,1405628,47405.07,0.00%
2018-8-31,3.4,3.39,-0.03,-0.76%,3.37,3.42,1491241,50622.312,0.00%
2018-8-30,3.45,3.42,-0.03,-0.99%,3.41,3.47,1629237,55901.672,0.00%
2018-8-29,3.46,3.45,-0.01,-0.38%,3.44,3.46,1323573,45631.441,0.00%
2018-8-28,3.47,3.46,-0.01,-0.29%,3.45,3.48,1432063,49683.406,0.00%
2018-8-27,3.4,3.47,0.08,2.51%,3.4,3.47,2241291,77173.859,0.00%
2018-8-24,3.38,3.39,0,0.15%,3.35,3.42,2031330,68611.219,0.00%
2018-8-23,3.38,3.38,0.01,0.30%,3.34,3.4,2450655,82851.414,0.00%
2018-8-22,3.38,3.37,-0.01,-0.18%,3.36,3.38,1165533,39267.266,0.00%
2018-8-21,3.32,3.38,0.06,1.72%,3.32,3.4,2322492,78221.773,0.00%
2018-8-20,3.3,3.32,0.04,1.06%,3.27,3.32,2046795,67529.164,0.00%
2018-8-17,3.36,3.29,-0.05,-1.53%,3.28,3.37,1801104,59914.875,0.00%
2018-8-16,3.33,3.34,-0.01,-0.42%,3.29,3.38,2077490,69360.625,0.00%
2018-8-15,3.43,3.35,-0.08,-2.39%,3.34,3.43,1514897,51173.336,0.00%
2018-8-14,3.45,3.43,-0.02,-0.43%,3.41,3.45,971811,33323.598,0.00%
2018-8-13,3.43,3.45,-0.02,-0.43%,3.39,3.46,1707540,58504.844,0.00%
2018-8-10,3.45,3.46,0.01,0.17%,3.44,3.48,1376744,47632.844,0.00%
2018-8-9,3.38,3.46,0.08,2.40%,3.36,3.47,2292220,78690.977,0.00%
2018-8-8,3.42,3.38,-0.05,-1.46%,3.36,3.42,1975637,67101.602,0.00%
2018-8-7,3.34,3.43,0.09,2.79%,3.32,3.43,2250981,76003.508,0.00%
2018-8-6,3.37,3.33,-0.04,-1.04%,3.31,3.4,2222050,74513.891,0.00%
2018-8-3,3.42,3.37,-0.05,-1.40%,3.37,3.43,1675736,57004.289,0.00%
2018-8-2,3.48,3.42,-0.08,-2.23%,3.38,3.49,2706062,92821.961,0.00%
2018-8-1,3.6,3.5,-0.08,-2.24%,3.49,3.61,2696108,95586.195,0.00%
2018-7-31,3.56,3.58,0.01,0.36%,3.55,3.59,1057737,37761.211,0.00%
2018-7-30,3.58,3.56,-0.02,-0.56%,3.54,3.61,1599820,57106.125,0.00%
2018-7-27,3.59,3.58,-0.01,-0.25%,3.57,3.6,876625,31427.102,0.00%
2018-7-26,3.64,3.59,-0.05,-1.29%,3.58,3.65,1554862,56078.605,0.00%
2018-7-25,3.64,3.64,0,-0.03%,3.62,3.64,2022573,73474.008,0.00%
2018-7-24,3.58,3.64,0.07,1.85%,3.58,3.66,2602805,94621.938,0.00%
2018-7-23,3.53,3.57,0.02,0.65%,3.52,3.58,1737761,61779.488,0.00%
2018-7-20,3.48,3.55,0.07,1.92%,3.45,3.56,1934022,67838.023,0.00%
2018-7-19,3.5,3.48,0,0.06%,3.47,3.52,1419531,49604.051,0.00%
2018-7-18,3.5,3.48,-0.02,-0.46%,3.48,3.54,1276136,44772.543,0.00%
2018-7-17,3.52,3.5,-0.02,-0.63%,3.47,3.52,1215374,42443.887,0.00%
2018-7-16,3.53,3.52,-0.02,-0.42%,3.51,3.56,1265179,44564.445,0.00%
2018-7-13,3.53,3.53,0.01,0.17%,3.52,3.54,1327476,46872.164,0.00%
2018-7-12,3.44,3.53,0.08,2.41%,3.44,3.55,2089340,73198.773,0.00%
2018-7-11,3.44,3.44,-0.06,-1.66%,3.4,3.46,1954318,67056.531,0.00%
2018-7-10,3.5,3.5,0.01,0.26%,3.47,3.51,1457345,50862.867,0.00%
2018-7-9,3.41,3.49,0.1,2.92%,3.41,3.5,2299572,79517.508,0.00%
2018-7-6,3.37,3.4,0.03,0.86%,3.33,3.43,2354378,79570.898,0.00%
2018-7-5,3.4,3.37,-0.03,-0.82%,3.36,3.43,1726212,58495.902,0.00%
2018-7-4,3.42,3.39,-0.04,-1.05%,3.39,3.44,1268909,43327.566,0.00%
2018-7-3,3.44,3.43,-0.01,-0.38%,3.35,3.45,3615524,123335.414,0.00%
2018-7-2,3.53,3.44,-0.09,-2.66%,3.4,3.54,2121981,73587.32,0.00%
2018-6-29,3.45,3.54,0.09,2.64%,3.45,3.54,1706050,59702.176,0.00%
2018-6-28,3.45,3.45,-0.02,-0.58%,3.44,3.5,1625310,56411.66,0.00%
2018-6-27,3.55,3.47,-0.08,-2.37%,3.46,3.56,2008945,70285.258,0.00%
2018-6-26,3.55,3.55,-0.04,-0.98%,3.51,3.57,2023402,71628.656,0.00%
2018-6-25,3.65,3.58,-0.05,-1.40%,3.58,3.65,1154244,41781.336,0.00%
2018-6-22,3.61,3.64,0.02,0.44%,3.57,3.64,1542610,55659.91,0.00%
2018-6-21,3.65,3.62,-0.03,-0.82%,3.61,3.7,3337200,122121.367,0.00%
2018-6-20,3.64,3.65,0,0.00%,3.6,3.67,2490303,90491.555,0.00%
2018-6-19,3.76,3.65,-0.13,-3.44%,3.61,3.76,3515761,129273.883,0.00%
2018-6-15,3.78,3.78,-0.01,-0.16%,3.76,3.8,1303403,49280.93,0.00%
2018-6-14,3.78,3.79,-0.01,-0.26%,3.78,3.82,1372526,52048.25,0.00%
2018-6-13,3.82,3.8,-0.04,-1.02%,3.79,3.83,1148817,43762.711,0.00%
2018-6-12,3.8,3.84,0.04,1.00%,3.78,3.85,1221684,46701.156,0.00%
2018-6-11,3.77,3.8,0.01,0.26%,3.77,3.8,768349,29101.35,0.00%
2018-6-8,3.83,3.79,-0.05,-1.33%,3.77,3.83,1353333,51353.004,0.00%
2018-6-7,3.85,3.84,0,-0.03%,3.83,3.87,1098143,42290.07,0.00%
2018-6-6,3.84,3.84,-0.01,-0.18%,3.83,3.85,835028,32063.799,0.00%
2018-6-5,3.81,3.85,0.03,0.84%,3.8,3.85,1048860,40123.789,0.00%
2018-6-4,3.8,3.81,0.04,0.98%,3.78,3.82,1260797,47968.09,0.00%
2018-6-1,3.79,3.78,-0.03,-0.68%,3.76,3.8,1210255,45736.316,0.00%
2018-5-31,3.75,3.8,0.08,2.04%,3.74,3.81,1701936,64162.496,0.00%
2018-5-30,3.76,3.73,-0.07,-1.90%,3.73,3.77,1440323,53959.531,0.00%
2018-5-29,3.83,3.8,-0.04,-0.94%,3.8,3.84,1263856,48255.496,0.00%
2018-5-28,3.82,3.84,0.02,0.63%,3.8,3.85,916134,35052.672,0.00%
2018-5-25,3.82,3.81,-0.01,-0.24%,3.8,3.84,1031684,39435.887,0.00%
2018-5-24,3.85,3.82,-0.03,-0.80%,3.82,3.86,1216400,46698.977,0.00%
2018-5-23,3.89,3.85,-0.05,-1.31%,3.85,3.89,1100045,42587.695,0.00%
2018-5-22,3.92,3.9,-0.02,-0.41%,3.88,3.92,846888,33005.742,0.00%
2018-5-21,3.92,3.92,0.02,0.49%,3.91,3.94,1582574,62080.27,0.00%
2018-5-18,3.86,3.9,0.04,1.09%,3.84,3.9,1916792,74223.781,0.00%
2018-5-17,3.89,3.86,-0.03,-0.85%,3.86,3.9,835910,32371.447,0.00%
2018-5-16,3.91,3.89,-0.03,-0.82%,3.88,3.92,878035,34241.879,0.00%
2018-5-15,3.92,3.92,0.02,0.38%,3.88,3.92,1444888,56394.879,0.00%
2018-5-14,3.88,3.91,0.03,0.88%,3.88,3.92,1809287,70641.117,0.00%
2018-5-11,3.9,3.87,-0.02,-0.59%,3.87,3.91,850968,33054.949,0.00%
2018-5-10,3.88,3.9,0.03,0.67%,3.86,3.9,994891,38625.973,0.00%
2018-5-9,3.88,3.87,-0.01,-0.28%,3.85,3.88,872673,33742.234,0.00%
2018-5-8,3.84,3.88,0.05,1.31%,3.83,3.89,1882644,72817.508,0.00%
2018-5-7,3.78,3.83,0.06,1.62%,3.77,3.84,1519753,57930.859,0.00%
2018-5-4,3.79,3.77,-0.02,-0.48%,3.76,3.8,1112294,42067.777,0.00%
2018-5-3,3.76,3.79,0.02,0.58%,3.73,3.8,1500874,56584.27,0.00%
2018-5-2,3.77,3.77,0.01,0.32%,3.74,3.79,1130980,42524.168,0.00%
2018-4-27,3.77,3.75,0.01,0.21%,3.71,3.77,1178762,44162.305,0.00%
2018-4-26,3.83,3.75,-0.08,-1.99%,3.74,3.83,1279569,48292.965,0.00%
2018-4-25,3.83,3.82,-0.02,-0.60%,3.81,3.84,1072139,41007.445,0.00%
2018-4-24,3.77,3.84,0.08,2.10%,3.77,3.86,1794867,68734.484,0.00%
2018-4-23,3.74,3.77,0.02,0.43%,3.73,3.79,1064100,39991.902,0.00%
2018-4-20,3.8,3.75,-0.06,-1.55%,3.74,3.81,1631786,61588.734,0.00%
2018-4-19,3.76,3.81,0.05,1.41%,3.76,3.82,1714952,65172.883,0.00%
2018-4-18,3.78,3.76,0.01,0.21%,3.71,3.8,2125677,79657.844,0.00%
2018-4-17,3.82,3.75,-0.06,-1.47%,3.74,3.82,1382998,52363.035,0.00%
2018-4-16,3.86,3.8,-0.06,-1.58%,3.79,3.87,1141596,43629.645,0.00%
2018-4-13,3.92,3.86,-0.03,-0.69%,3.86,3.93,1212468,47049.32,0.00%
2018-4-12,3.93,3.89,-0.04,-1.04%,3.89,3.94,967303,37860.625,0.00%
2018-4-11,3.94,3.93,0,0.13%,3.93,3.96,1364955,53793.754,0.00%
2018-4-10,3.86,3.93,0.08,1.95%,3.85,3.93,1590734,61842.445,0.00%
2018-4-9,3.85,3.85,0,0.13%,3.83,3.88,1191991,45933.16,0.00%
2018-4-4,3.87,3.85,-0.01,-0.26%,3.84,3.9,1028784,39875.973,0.00%
2018-4-3,3.86,3.86,-0.02,-0.64%,3.84,3.88,1409853,54335.168,0.00%
2018-4-2,3.9,3.88,-0.01,-0.33%,3.88,3.94,1775060,69328.727,0.00%
2018-3-30,3.9,3.9,-0.01,-0.15%,3.88,3.92,923031,35963.672,0.00%
2018-3-29,3.85,3.9,0.07,1.83%,3.79,3.92,1934540,74681.961,0.00%
2018-3-28,3.87,3.83,-0.08,-2.02%,3.83,3.9,1350991,52166.57,0.00%
2018-3-27,3.92,3.91,0.04,0.90%,3.88,3.93,1437934,56226.926,0.00%
2018-3-26,3.86,3.88,-0.02,-0.46%,3.83,3.89,2339576,90252.828,0.00%
2018-3-23,3.9,3.89,-0.12,-2.97%,3.82,3.92,2789761,108636.109,0.00%
2018-3-22,4.06,4.01,-0.04,-0.89%,4,4.07,984440,39682.16,0.00%
2018-3-21,4.09,4.05,-0.02,-0.52%,4.04,4.11,1291003,52703.602,0.00%
2018-3-20,4.06,4.07,0,-0.05%,4.03,4.08,754936,30645.098,0.00%
2018-3-19,4.05,4.07,0.02,0.54%,4.03,4.08,809020,32842.176,0.00%
2018-3-16,4.09,4.05,-0.04,-1.10%,4.05,4.1,883233,36042.855,0.00%
2018-3-15,4.06,4.1,0.03,0.74%,4.05,4.1,1000794,40845.836,0.00%
2018-3-14,4.07,4.06,-0.01,-0.34%,4.06,4.08,1209034,49214.566,0.00%
2018-3-13,4.12,4.08,-0.04,-1.07%,4.08,4.13,1435128,58851.852,0.00%
2018-3-12,4.13,4.12,0.01,0.29%,4.12,4.15,2949892,121740.047,0.00%
2018-3-9,4.09,4.11,0.03,0.74%,4.07,4.12,1116871,45765.973,0.00%
2018-3-8,4.04,4.08,0.04,1.01%,4.03,4.08,932075,37863.898,0.00%
2018-3-7,4.07,4.04,-0.03,-0.81%,4.03,4.09,1397286,56803.195,0.00%
2018-3-6,4.04,4.07,0.06,1.50%,4,4.07,1335938,53987.512,0.00%
2018-3-5,4.02,4.01,-0.01,-0.22%,3.99,4.05,960125,38576.789,0.00%
2018-3-2,4.02,4.02,-0.03,-0.67%,4.01,4.04,906147,36464.246,0.00%
2018-3-1,4,4.05,0.03,0.72%,3.99,4.07,1186370,47910.344,0.00%
2018-2-28,4.03,4.02,-0.04,-1.01%,4,4.06,2392246,96293.445,0.00%
2018-2-27,4.13,4.06,-0.06,-1.43%,4.06,4.13,2118233,86548.906,0.00%
2018-2-26,4.1,4.12,0.05,1.28%,4.05,4.13,2027722,83073.297,0.00%
2018-2-23,4.05,4.07,0.02,0.54%,4.03,4.08,1576572,63972.488,0.00%
2018-2-22,4.02,4.05,0.08,2.07%,4,4.05,1890641,76218.969,0.00%
2018-2-14,3.94,3.96,0.04,0.89%,3.93,3.97,930356,36732.77,0.00%
2018-2-13,3.92,3.93,0.05,1.21%,3.92,3.98,1624625,64120.75,0.00%
2018-2-12,3.84,3.88,0.06,1.44%,3.82,3.9,1935589,74910.062,0.00%
2018-2-9,3.9,3.83,-0.18,-4.61%,3.76,3.92,4168372,159719.203,0.00%
2018-2-8,4.04,4.01,-0.03,-0.82%,3.98,4.07,3123486,125745.906,0.00%
2018-2-7,4.2,4.04,-0.1,-2.37%,4.04,4.21,3395178,140084.266,0.00%
2018-2-6,4.2,4.14,-0.12,-2.81%,4.14,4.21,3131731,130656.164,0.00%
2018-2-5,4.23,4.26,0,-0.09%,4.21,4.27,2308395,97915.406,0.00%
2018-2-2,4.21,4.27,0.03,0.61%,4.19,4.27,2127962,90034.766,0.00%
2018-2-1,4.27,4.24,-0.03,-0.70%,4.22,4.29,4390736,186196.469,0.00%
2018-1-31,4.25,4.27,0.01,0.31%,4.24,4.29,1667368,71028.305,0.00%
2018-1-30,4.29,4.26,-0.04,-1.02%,4.26,4.31,1616871,69203.344,0.00%
2018-1-29,4.4,4.3,-0.08,-1.89%,4.29,4.4,2140532,92859.289,0.00%
2018-1-26,4.35,4.38,0.02,0.50%,4.34,4.41,984132,43146.531,0.00%
2018-1-25,4.39,4.36,-0.03,-0.64%,4.34,4.39,1548720,67587.711,0.00%
2018-1-24,4.39,4.39,0,0.07%,4.36,4.4,1613457,70701.188,0.00%
2018-1-23,4.35,4.39,0.04,1.01%,4.35,4.39,1584663,69208.516,0.00%
2018-1-22,4.32,4.39,0.06,1.27%,4.32,4.39,1398734,60957.094,0.00%
2018-1-19,4.32,4.34,0.01,0.28%,4.32,4.36,2185065,94869.586,0.00%
2018-1-18,4.3,4.32,0.03,0.65%,4.3,4.34,1250863,54006.809,0.00%
2018-1-17,4.31,4.3,-0.01,-0.30%,4.28,4.33,1589397,68434.211,0.00%
2018-1-16,4.26,4.31,0.04,1.01%,4.26,4.31,1231840,52824.43,0.00%
2018-1-15,4.27,4.26,-0.01,-0.19%,4.26,4.31,1573647,67416.797,0.00%
2018-1-12,4.25,4.27,0.02,0.54%,4.24,4.28,1035749,44124.422,0.00%
2018-1-11,4.25,4.25,-0.01,-0.14%,4.23,4.26,984751,41789.258,0.00%
2018-1-10,4.23,4.26,0.02,0.42%,4.22,4.26,1449657,61450.414,0.00%
2018-1-9,4.2,4.24,0.03,0.81%,4.2,4.24,1079461,45523.406,0.00%
2018-1-8,4.19,4.2,0.02,0.41%,4.17,4.21,1056967,44337.137,0.00%
2018-1-5,4.18,4.19,0.02,0.38%,4.16,4.2,1271317,53127.176,0.00%
2018-1-4,4.16,4.17,0.01,0.31%,4.15,4.18,922207,38408.242,0.00%
2018-1-3,4.14,4.16,0.02,0.53%,4.13,4.19,1267933,52746.633,0.00%
2018-1-2,4.09,4.14,0.06,1.47%,4.08,4.14,1688766,69516.07,0.00%
2017-12-29,4.07,4.08,0.01,0.32%,4.05,4.08,1083160,44060.93,0.00%
2017-12-28,4.03,4.06,0.04,0.92%,4.02,4.08,1939510,78621.086,0.00%
2017-12-27,4.1,4.03,-0.07,-1.66%,4.02,4.1,2084858,84566.969,0.00%
2017-12-26,4.08,4.09,0.01,0.29%,4.06,4.1,2089952,85416.633,0.00%
2017-12-25,4.1,4.08,-0.02,-0.46%,4.07,4.14,1702341,69894.859,0.00%
2017-12-22,4.12,4.1,-0.02,-0.46%,4.1,4.12,1297649,53356.379,0.00%
2017-12-21,4.06,4.12,0.05,1.23%,4.06,4.13,2415533,99342.805,0.00%
2017-12-20,4.08,4.07,-0.01,-0.22%,4.06,4.09,930047,37893.695,0.00%
2017-12-19,4.03,4.08,0.05,1.32%,4.03,4.08,1052970,42771.793,0.00%
2017-12-18,4.03,4.03,0,0.02%,4.01,4.06,1028031,41462.824,0.00%
2017-12-15,4.07,4.02,-0.05,-1.32%,4.02,4.07,925487,37417.504,0.00%
2017-12-14,4.09,4.08,-0.01,-0.32%,4.06,4.1,1559102,63612.875,0.00%
2017-12-13,4.06,4.09,0.03,0.71%,4.06,4.1,1159791,47283.898,0.00%
2017-12-12,4.12,4.06,-0.06,-1.57%,4.06,4.12,1094854,44872.648,0.00%
2017-12-11,4.06,4.13,0.07,1.65%,4.06,4.13,921278,37760.027,0.00%
2017-12-8,4.02,4.06,0.04,0.97%,4.02,4.07,941708,38144.383,0.00%
2017-12-7,4.06,4.02,-0.05,-1.13%,4.01,4.08,897479,36241.383,0.00%
2017-12-6,4.09,4.07,-0.03,-0.76%,4.03,4.09,908335,36919.07,0.00%
2017-12-5,4.06,4.1,0.02,0.61%,4.06,4.11,818565,33505.43,0.00%
2017-12-4,4.05,4.07,0.02,0.42%,4.04,4.09,778886,31718.492,0.00%
2017-12-1,4.05,4.06,0,0.07%,4.04,4.08,847133,34385.105,0.00%
2017-11-30,4.1,4.05,-0.05,-1.15%,4.04,4.11,1176151,47953.336,0.00%
2017-11-29,4.11,4.1,0,-0.10%,4.05,4.12,1191682,48760.867,0.00%
2017-11-28,4.08,4.1,0.02,0.47%,4.07,4.11,1048320,42926.895,0.00%
2017-11-27,4.14,4.09,-0.07,-1.61%,4.08,4.15,2731052,111975.797,0.00%
2017-11-24,4.14,4.15,0,0.10%,4.12,4.17,2160150,89547.711,0.00%
2017-11-23,4.28,4.15,-0.14,-3.17%,4.14,4.28,2992734,126361.484,0.00%
2017-11-22,4.29,4.28,0,-0.02%,4.25,4.32,1549477,66509.992,0.00%
2017-11-21,4.2,4.29,0.08,1.97%,4.19,4.29,1728882,73578.594,0.00%
2017-11-20,4.16,4.2,0.03,0.79%,4.12,4.2,1403474,58253.785,0.00%
2017-11-17,4.16,4.17,0,0.12%,4.14,4.18,1888910,78571.656,0.00%
2017-11-16,4.12,4.16,0.04,0.95%,4.12,4.17,1933054,80092,0.00%
2017-11-15,4.15,4.13,-0.03,-0.72%,4.12,4.16,2554123,105607.844,0.00%
2017-11-14,4.19,4.16,-0.03,-0.76%,4.15,4.19,1327241,55296.551,0.00%
2017-11-13,4.18,4.19,0.01,0.22%,4.18,4.2,889665,37276.598,0.00%
2017-11-10,4.13,4.18,0.04,0.89%,4.13,4.18,1260335,52427.816,0.00%
2017-11-9,4.11,4.14,0.03,0.75%,4.1,4.14,1217574,50113.133,0.00%
2017-11-8,4.12,4.11,-0.01,-0.22%,4.1,4.16,994468,41049.023,0.00%
2017-11-7,4.08,4.12,0.04,0.98%,4.08,4.13,1032092,42389.336,0.00%
2017-11-6,4.04,4.08,0.04,0.89%,4.03,4.08,608521,24664.756,0.00%
2017-11-3,4.05,4.04,-0.01,-0.27%,4.02,4.06,1125906,45464.621,0.00%
2017-11-2,4.05,4.06,0.01,0.17%,4.03,4.06,982106,39690.113,0.00%
2017-11-1,4.06,4.05,-0.01,-0.34%,4.04,4.09,1298294,52834.133,0.00%
2017-10-31,4.05,4.06,0,-0.07%,4.04,4.07,676836,27432.121,0.00%
2017-10-30,4.09,4.06,-0.02,-0.44%,4.02,4.09,1557692,63158.203,0.00%
2017-10-27,4.06,4.08,0.02,0.49%,4.06,4.08,699862,28487.76,0.00%
2017-10-26,4.04,4.06,0.03,0.72%,4.03,4.08,1403180,56959.902,0.00%
2017-10-25,4.02,4.03,0.01,0.32%,4.01,4.04,640828,25804.109,0.00%
2017-10-24,3.99,4.02,0.03,0.65%,3.98,4.02,939317,37622.984,0.00%
2017-10-23,3.99,4,0.01,0.30%,3.98,4,884069,35264.137,0.00%
2017-10-20,3.98,3.98,0,-0.05%,3.97,3.99,516508,20554.518,0.00%
2017-10-19,4,3.98,-0.01,-0.28%,3.98,4,956389,38138.793,0.00%
2017-10-18,3.97,4,0.02,0.60%,3.97,4,955523,38077.844,0.00%
2017-10-17,3.97,3.97,0,-0.05%,3.96,3.98,734483,29184.225,0.00%
2017-10-16,3.99,3.97,-0.01,-0.35%,3.97,4,1052854,41999.711,0.00%
2017-10-13,3.97,3.99,0.01,0.20%,3.97,3.99,548574,21843.041,0.00%
2017-10-12,3.96,3.98,0.02,0.43%,3.96,3.98,1102176,43703.219,0.00%
2017-10-11,3.95,3.96,0.02,0.38%,3.94,3.97,1082136,42821.438,0.00%
2017-10-10,3.94,3.95,0,0.13%,3.92,3.96,1417638,55806.363,0.00%
2017-10-9,3.97,3.94,0.04,1.05%,3.94,3.98,1653137,65523.957,0.00%
2017-9-29,3.89,3.9,0.01,0.33%,3.89,3.92,887626,34635.176,0.00%
2017-9-28,3.88,3.89,0.01,0.15%,3.87,3.89,496639,19287.406,0.00%
2017-9-27,3.88,3.88,0,0.08%,3.87,3.89,548812,21316.234,0.00%
2017-9-26,3.87,3.88,0,0.05%,3.87,3.88,605663,23478.303,0.00%
2017-9-25,3.89,3.88,-0.02,-0.41%,3.87,3.89,845460,32796.93,0.00%
2017-9-22,3.89,3.89,-0.01,-0.28%,3.88,3.9,747235,29034.848,0.00%
2017-9-21,3.9,3.9,0,0.03%,3.89,3.92,1208403,47168.652,0.00%
2017-9-20,3.88,3.9,0.02,0.46%,3.88,3.91,697778,27187.344,0.00%
2017-9-19,3.91,3.89,-0.02,-0.64%,3.87,3.92,887576,34567.832,0.00%
2017-9-18,3.89,3.91,0.02,0.39%,3.89,3.93,1107038,43328.078,0.00%
2017-9-15,3.89,3.9,0.01,0.15%,3.88,3.9,926836,36042.91,0.00%
2017-9-14,3.9,3.89,-0.01,-0.33%,3.88,3.92,625455,24370.947,0.00%
2017-9-13,3.9,3.9,0,0.08%,3.88,3.91,593112,23114.572,0.00%
2017-9-12,3.9,3.9,0.01,0.26%,3.88,3.91,623237,24281.143,0.00%
2017-9-11,3.89,3.89,0.01,0.15%,3.88,3.92,760060,29590.111,0.00%
2017-9-8,3.89,3.88,0,-0.10%,3.87,3.9,586516,22811.02,0.00%
2017-9-7,3.91,3.89,-0.02,-0.44%,3.89,3.92,513055,20032.658,0.00%
2017-9-6,3.91,3.9,-0.01,-0.31%,3.89,3.92,787843,30752.182,0.00%
2017-9-5,3.9,3.92,0.01,0.36%,3.9,3.92,703199,27519.729,0.00%
2017-9-4,3.89,3.9,0.01,0.36%,3.87,3.91,1280226,49848.488,0.00%
2017-9-1,3.88,3.89,0,0.13%,3.88,3.9,900119,35014.738,0.00%
2017-8-31,3.89,3.88,-0.01,-0.18%,3.86,3.9,1166771,45260.102,0.00%
2017-8-30,3.89,3.89,0,-0.10%,3.89,3.91,837835,32683.709,0.00%
2017-8-29,3.9,3.9,-0.01,-0.20%,3.89,3.91,1218355,47488.004,0.00%
2017-8-28,3.86,3.9,0.04,1.14%,3.86,3.93,2297450,89702.328,0.00%
2017-8-25,3.79,3.86,0.07,1.74%,3.79,3.86,2023896,77724.742,0.00%
2017-8-24,3.81,3.79,-0.02,-0.52%,3.79,3.82,764002,29050.727,0.00%
2017-8-23,3.8,3.81,0.01,0.26%,3.8,3.83,563945,21502.844,0.00%
2017-8-22,3.8,3.8,0.01,0.16%,3.79,3.81,723347,27471.641,0.00%
2017-8-21,3.79,3.8,0.02,0.42%,3.78,3.81,490788,18624.389,0.00%
2017-8-18,3.77,3.78,0,0.05%,3.76,3.79,724997,27330.049,0.00%
2017-8-17,3.76,3.78,0.03,0.77%,3.75,3.78,703318,26484.965,0.00%
2017-8-16,3.75,3.75,-0.01,-0.16%,3.73,3.76,881399,33012.758,0.00%
2017-8-15,3.75,3.76,0.01,0.27%,3.74,3.77,2386280,89662.945,0.00%
2017-8-14,3.7,3.75,0.05,1.24%,3.7,3.75,1489559,55658.84,0.00%
2017-8-11,3.75,3.7,-0.07,-1.91%,3.7,3.76,1816644,67653.234,0.00%
2017-8-10,3.77,3.77,-0.01,-0.21%,3.74,3.8,1386799,52351.887,0.00%
2017-8-9,3.78,3.78,0,-0.08%,3.77,3.79,961916,36392.648,0.00%
2017-8-8,3.78,3.78,0,0.03%,3.77,3.79,1211295,45810.457,0.00%
2017-8-7,3.75,3.78,0.02,0.61%,3.75,3.79,1062491,40028.902,0.00%
2017-8-4,3.78,3.76,-0.02,-0.61%,3.76,3.8,1040716,39342.098,0.00%
2017-8-3,3.81,3.78,-0.04,-0.99%,3.77,3.82,1072928,40764.379,0.00%
2017-8-2,3.82,3.82,0,0.00%,3.81,3.84,1180980,45186.055,0.00%
2017-8-1,3.79,3.82,0.03,0.79%,3.79,3.82,1224510,46601.68,0.00%
2017-7-31,3.78,3.79,0.01,0.37%,3.77,3.8,1194636,45202.219,0.00%
2017-7-28,3.76,3.78,0.01,0.37%,3.75,3.78,741487,27947.344,0.00%
2017-7-27,3.75,3.76,0.01,0.29%,3.73,3.77,1463574,54855.629,0.00%
2017-7-26,3.77,3.75,-0.02,-0.56%,3.74,3.79,1542540,57953.391,0.00%
2017-7-25,3.8,3.77,-0.03,-0.76%,3.76,3.8,969984,36710.473,0.00%
2017-7-24,3.78,3.8,0.02,0.50%,3.77,3.81,642643,24390.332,0.00%
2017-7-21,3.79,3.78,-0.02,-0.50%,3.77,3.8,977614,37064.766,0.00%
2017-7-20,3.78,3.8,0.02,0.48%,3.77,3.8,976976,36985.949,0.00%
2017-7-19,3.7,3.78,0.08,2.08%,3.7,3.79,1741180,65190.188,0.00%
2017-7-18,3.7,3.71,0,0.05%,3.67,3.71,1608457,59467.281,0.00%
2017-7-17,3.75,3.7,-0.05,-1.36%,3.68,3.76,1942106,72161.461,0.00%
2017-7-14,3.73,3.76,0.02,0.67%,3.72,3.76,855767,31974.615,0.00%
2017-7-13,3.69,3.73,0.04,1.03%,3.69,3.73,1112379,41367.43,0.00%
2017-7-12,3.71,3.69,-0.02,-0.59%,3.68,3.73,1174761,43548.41,0.00%
2017-7-11,3.68,3.71,0.03,0.81%,3.68,3.74,1314197,48804.773,0.00%
2017-7-10,3.68,3.68,0,0.11%,3.68,3.7,950921,35079.852,0.00%
2017-7-7,3.68,3.68,0,-0.05%,3.66,3.68,826427,30378.803,0.00%
2017-7-6,3.68,3.68,0,-0.08%,3.66,3.69,1618321,59554.676,0.00%
2017-7-5,3.64,3.68,0.05,1.29%,3.64,3.69,1333338,48848.965,0.00%
2017-7-4,3.67,3.64,-0.03,-0.82%,3.63,3.67,1352155,49244.668,0.00%
2017-7-3,3.68,3.67,-0.02,-0.43%,3.65,3.69,965189,35407.566,0.00%
2017-6-30,3.68,3.68,-0.01,-0.16%,3.67,3.7,824751,30328.922,0.00%
2017-6-29,3.67,3.69,0.02,0.60%,3.67,3.7,868377,31970.877,0.00%
2017-6-28,3.69,3.67,-0.02,-0.68%,3.66,3.69,792488,29147.178,0.00%
2017-6-27,3.69,3.69,0,0.05%,3.67,3.7,806651,29703.119,0.00%
2017-6-26,3.65,3.69,0.04,1.23%,3.65,3.69,1073946,39522.672,0.00%
2017-6-23,3.61,3.65,0.04,0.97%,3.59,3.65,979934,35401.559,0.00%
2017-6-22,3.6,3.61,0,0.11%,3.6,3.65,1900074,68963.023,0.00%
2017-6-21,3.58,3.61,0.04,1.26%,3.56,3.61,2026661,72605.367,0.00%
2017-6-20,3.58,3.56,-0.01,-0.31%,3.55,3.58,1298320,46275.75,0.00%
2017-6-19,3.54,3.57,0.04,1.13%,3.54,3.58,1413142,50322.129,0.00%
2017-6-16,3.54,3.53,-0.01,-0.17%,3.53,3.56,1023957,36270.289,0.00%
2017-6-15,3.55,3.54,-0.01,-0.34%,3.52,3.56,1208419,42791.812,0.00%
2017-6-14,3.58,3.55,-0.04,-1.00%,3.54,3.58,1425762,50824.289,0.00%
2017-6-13,3.57,3.59,0.01,0.20%,3.57,3.6,1316254,47160.324,0.00%
2017-6-12,3.58,3.58,-0.01,-0.20%,3.57,3.61,1240740,44510.781,0.00%
2017-6-9,3.56,3.59,0.02,0.62%,3.56,3.6,1512316,54157.996,0.00%
2017-6-8,3.54,3.56,0.02,0.71%,3.53,3.57,1460939,51849.031,0.00%
2017-6-7,3.5,3.54,0.05,1.37%,3.49,3.54,1667237,58822.434,0.00%
2017-6-6,3.46,3.49,0.03,0.78%,3.46,3.49,959069,33374.43,0.00%
2017-6-5,3.48,3.46,-0.02,-0.66%,3.46,3.49,1101787,38251.762,0.00%
2017-6-2,3.5,3.49,-0.01,-0.26%,3.47,3.5,1315413,45883.504,0.00%
2017-6-1,3.48,3.5,0.01,0.23%,3.48,3.5,907182,31672.33,0.00%
2017-5-31,3.5,3.49,0,0.06%,3.47,3.52,1480334,51727.902,0.00%
2017-5-26,3.49,3.49,-0.01,-0.17%,3.48,3.5,2032030,70903.945,0.00%
2017-5-25,3.42,3.49,0.07,2.13%,3.41,3.5,2489525,86110.125,0.00%
2017-5-24,3.42,3.42,0,0.00%,3.39,3.42,1404383,47801.426,0.00%
2017-5-23,3.4,3.42,0.02,0.44%,3.4,3.43,1514699,51764.375,0.00%
2017-5-22,3.4,3.4,0,0.09%,3.39,3.42,863366,29418.562,0.00%
2017-5-19,3.4,3.4,0.01,0.18%,3.4,3.41,715945,24348.205,0.00%
2017-5-18,3.4,3.4,-0.02,-0.44%,3.39,3.41,974236,33121.176,0.00%
2017-5-17,3.43,3.41,-0.02,-0.67%,3.41,3.43,1097919,37571.02,0.00%
2017-5-16,3.39,3.43,0.04,1.18%,3.38,3.44,1033132,35193.27,0.00%
2017-5-15,3.39,3.39,0.01,0.41%,3.39,3.4,1024392,34804.562,0.00%
2017-5-12,3.35,3.38,0.03,0.81%,3.35,3.38,1451198,48858.957,0.00%
2017-5-11,3.33,3.35,0.02,0.51%,3.32,3.36,2181884,72738.758,0.00%
2017-5-10,3.35,3.34,-0.01,-0.36%,3.33,3.36,1670224,56047.539,0.00%
2017-5-9,3.34,3.35,0,0.09%,3.33,3.36,1400236,46772.867,0.00%
2017-5-8,3.37,3.34,-0.03,-0.86%,3.34,3.37,1643939,55175.367,0.00%
2017-5-5,3.39,3.37,-0.02,-0.65%,3.36,3.39,1465209,49494.711,0.00%
2017-5-4,3.41,3.4,-0.01,-0.38%,3.39,3.42,1043228,35499.551,0.00%
2017-5-3,3.42,3.41,-0.02,-0.50%,3.4,3.43,821768,28063.859,0.00%
2017-5-2,3.43,3.43,0,-0.15%,3.41,3.43,920827,31515.312,0.00%
2017-4-28,3.44,3.43,-0.01,-0.38%,3.42,3.44,715290,24519.322,0.00%
2017-4-27,3.44,3.44,0,0.06%,3.4,3.45,2097327,71727.555,0.00%
2017-4-26,3.43,3.44,0.01,0.23%,3.43,3.46,876265,30213.766,0.00%
2017-4-25,3.43,3.43,0.01,0.32%,3.42,3.44,983836,33796.633,0.00%
2017-4-24,3.45,3.42,-0.04,-1.07%,3.41,3.46,1700779,58200.762,0.00%
2017-4-21,3.46,3.46,0,0.09%,3.44,3.47,814366,28166.736,0.00%
2017-4-20,3.44,3.46,0.02,0.55%,3.44,3.46,1158009,39972.387,0.00%
2017-4-19,3.46,3.44,-0.03,-0.78%,3.42,3.46,2120401,72920.266,0.00%
2017-4-18,3.47,3.46,-0.01,-0.23%,3.46,3.48,832006,28899.906,0.00%
2017-4-17,3.48,3.47,-0.01,-0.34%,3.46,3.48,1357763,47098.156,0.00%
2017-4-14,3.51,3.48,-0.03,-0.83%,3.48,3.52,860763,30048.266,0.00%
2017-4-13,3.5,3.51,0.01,0.37%,3.49,3.52,784438,27541.469,0.00%
2017-4-12,3.51,3.5,-0.01,-0.37%,3.49,3.52,988677,34689.637,0.00%
2017-4-11,3.5,3.51,0.01,0.26%,3.47,3.52,1057268,36969.414,0.00%
2017-4-10,3.52,3.5,-0.01,-0.28%,3.5,3.52,802176,28153.809,0.00%
2017-4-7,3.51,3.51,0.01,0.20%,3.5,3.53,755353,26525.424,0.00%
2017-4-6,3.51,3.51,0,-0.11%,3.49,3.51,960783,33653.57,0.00%
2017-4-5,3.47,3.51,0.06,1.65%,3.47,3.51,1351355,47255.887,0.00%
2017-3-31,3.43,3.45,0.02,0.73%,3.43,3.46,884305,30435.379,0.00%
2017-3-30,3.46,3.43,-0.03,-0.95%,3.42,3.46,1197411,41152.953,0.00%
2017-3-29,3.47,3.46,-0.01,-0.20%,3.45,3.48,790107,27379.943,0.00%
2017-3-28,3.47,3.47,0,-0.14%,3.46,3.48,669608,23223.613,0.00%
2017-3-27,3.49,3.47,-0.02,-0.46%,3.47,3.5,867856,30255.484,0.00%
2017-3-24,3.46,3.49,0.03,0.95%,3.46,3.5,1283552,44621.184,0.00%
2017-3-23,3.45,3.46,0.01,0.29%,3.43,3.47,853840,29474.246,0.00%
2017-3-22,3.45,3.45,-0.02,-0.52%,3.43,3.46,628259,21642.625,0.00%
2017-3-21,3.44,3.46,0.02,0.70%,3.44,3.46,1077074,37142.363,0.00%
2017-3-20,3.44,3.44,0,0.06%,3.43,3.45,889350,30576.4,0.00%
2017-3-17,3.48,3.44,-0.04,-1.12%,3.44,3.48,1037743,35908.172,0.00%
2017-3-16,3.46,3.48,0.02,0.61%,3.46,3.49,934776,32531.844,0.00%
2017-3-15,3.44,3.46,0.01,0.17%,3.44,3.46,576086,19885.447,0.00%
2017-3-14,3.46,3.45,-0.01,-0.23%,3.45,3.46,680534,23499.322,0.00%
2017-3-13,3.42,3.46,0.04,1.08%,3.41,3.46,1236681,42515.605,0.00%
2017-3-10,3.42,3.42,0,0.09%,3.42,3.43,825743,28272.713,0.00%
2017-3-9,3.44,3.42,-0.03,-0.90%,3.41,3.44,809001,27690.996,0.00%
2017-3-8,3.44,3.45,0,0.12%,3.44,3.45,1101722,37953.988,0.00%
2017-3-7,3.44,3.45,0,0.15%,3.43,3.45,761854,26213.406,0.00%
2017-3-6,3.42,3.44,0.02,0.50%,3.42,3.44,999939,34339.352,0.00%
2017-3-3,3.43,3.42,-0.01,-0.38%,3.41,3.43,778375,26609.428,0.00%
2017-3-2,3.46,3.44,-0.01,-0.35%,3.43,3.5,955485,32933.32,0.00%
2017-3-1,3.45,3.45,0,0.12%,3.44,3.47,1355898,46834.66,0.00%
2017-2-28,3.44,3.44,0,0.15%,3.44,3.46,950733,32734.025,0.00%
2017-2-27,3.47,3.44,-0.03,-0.78%,3.43,3.47,735682,25385.662,0.00%
2017-2-24,3.47,3.47,0,-0.09%,3.45,3.47,897412,31074.842,0.00%
2017-2-23,3.48,3.47,-0.02,-0.43%,3.46,3.49,1028589,35728.711,0.00%
2017-2-22,3.48,3.48,0.01,0.32%,3.47,3.49,951853,33135.367,0.00%
2017-2-21,3.47,3.47,0,0.00%,3.47,3.49,1118516,38881.957,0.00%
2017-2-20,3.42,3.47,0.06,1.64%,3.42,3.48,1382844,47738.133,0.00%
2017-2-17,3.44,3.42,-0.02,-0.58%,3.42,3.46,1253715,43059.066,0.00%
2017-2-16,3.42,3.44,0.02,0.44%,3.42,3.44,905008,31009.529,0.00%
2017-2-15,3.43,3.42,-0.01,-0.35%,3.42,3.45,1245321,42727.863,0.00%
2017-2-14,3.43,3.44,0,0.12%,3.42,3.44,774970,26583.674,0.00%
2017-2-13,3.41,3.43,0.02,0.53%,3.41,3.44,1225064,41976.52,0.00%
2017-2-10,3.4,3.41,0.02,0.53%,3.39,3.42,1061428,36143.09,0.00%
2017-2-9,3.38,3.4,0.01,0.35%,3.38,3.41,983411,33400.023,0.00%
2017-2-8,3.36,3.38,0.02,0.68%,3.34,3.39,951701,31998.236,0.00%
2017-2-7,3.36,3.36,-0.01,-0.18%,3.35,3.37,919571,30898.09,0.00%
2017-2-6,3.37,3.37,0,-0.03%,3.36,3.38,1011689,34045.324,0.00%
2017-2-3,3.39,3.37,-0.02,-0.59%,3.36,3.39,1120450,37737.715,0.00%
2017-1-26,3.37,3.39,0.01,0.42%,3.37,3.4,661763,22412.855,0.00%
2017-1-25,3.36,3.37,0.01,0.30%,3.35,3.38,670240,22550.402,0.00%
2017-1-24,3.36,3.36,0,0.06%,3.35,3.37,842963,28312.275,0.00%
2017-1-23,3.36,3.36,0,0.03%,3.36,3.39,1421798,47893.641,0.00%
2017-1-20,3.38,3.42,0.03,0.86%,3.38,3.42,2063694,70372.906,0.00%
2017-1-19,3.39,3.39,-0.01,-0.35%,3.38,3.4,1060346,35971.07,0.00%
2017-1-18,3.37,3.4,0.02,0.65%,3.37,3.41,1138663,38668.133,0.00%
2017-1-17,3.36,3.38,0,0.15%,3.35,3.38,864950,29132.721,0.00%
2017-1-16,3.37,3.37,0,-0.12%,3.32,3.37,1469151,49241.246,0.00%
2017-1-13,3.37,3.38,0.01,0.18%,3.36,3.39,974975,32907.859,0.00%
2017-1-12,3.39,3.37,-0.02,-0.50%,3.37,3.4,840009,28438.182,0.00%
2017-1-11,3.4,3.39,-0.02,-0.73%,3.38,3.42,947053,32231.818,0.00%
2017-1-10,3.42,3.41,-0.01,-0.26%,3.41,3.43,697214,23818.855,0.00%
2017-1-9,3.4,3.42,0.01,0.35%,3.4,3.42,775129,26475.857,0.00%
2017-1-6,3.42,3.41,-0.01,-0.32%,3.4,3.42,778860,26562.439,0.00%
2017-1-5,3.42,3.42,-0.01,-0.20%,3.41,3.43,656748,22468.951,0.00%
2017-1-4,3.39,3.43,0.03,0.88%,3.39,3.43,1134840,38640.117,0.00%
2017-1-3,3.36,3.4,0.04,1.13%,3.36,3.4,1058679,35901.797,0.00%
2016-12-30,3.35,3.36,0,0.09%,3.35,3.37,960788,32277.934,0.00%
2016-12-29,3.35,3.36,0,0.06%,3.34,3.37,848783,28471.865,0.00%
2016-12-28,3.37,3.35,-0.02,-0.53%,3.34,3.37,1049116,35209.219,0.00%
2016-12-27,3.37,3.37,0,-0.15%,3.36,3.38,1132961,38230.223,0.00%
2016-12-26,3.35,3.38,0.01,0.36%,3.32,3.38,1452621,48622.641,0.00%
2016-12-23,3.38,3.36,-0.03,-0.80%,3.36,3.39,802605,27028.596,0.00%
2016-12-22,3.39,3.39,-0.01,-0.18%,3.38,3.4,1035924,35070.309,0.00%
2016-12-21,3.36,3.4,0.04,1.10%,3.36,3.4,1291631,43713.344,0.00%
2016-12-20,3.38,3.36,-0.02,-0.74%,3.34,3.38,1674660,56235.648,0.00%
2016-12-19,3.4,3.38,-0.01,-0.29%,3.38,3.4,870419,29494.746,0.00%
2016-12-16,3.39,3.4,0,0.00%,3.39,3.41,1422497,48345.871,0.00%
2016-12-15,3.42,3.4,-0.04,-1.14%,3.38,3.43,2297928,78308.938,0.00%
2016-12-14,3.45,3.43,-0.02,-0.69%,3.43,3.47,1013559,35007.332,0.00%
2016-12-13,3.45,3.46,0,-0.14%,3.43,3.47,1611876,55625.543,0.00%
2016-12-12,3.56,3.46,-0.09,-2.64%,3.46,3.56,1479029,51672.605,0.00%
2016-12-9,3.53,3.56,0.02,0.57%,3.52,3.57,1113084,39495.734,0.00%
2016-12-8,3.54,3.54,0.01,0.23%,3.53,3.55,2079601,73636.484,0.00%
2016-12-7,3.52,3.53,0.02,0.46%,3.5,3.53,1113534,39174.172,0.00%
2016-12-6,3.52,3.51,-0.01,-0.17%,3.51,3.54,1268854,44742.211,0.00%
2016-12-5,3.54,3.52,-0.07,-2.01%,3.51,3.56,2228656,78885.711,0.00%
2016-12-2,3.63,3.59,-0.04,-1.10%,3.58,3.63,938826,33796.453,0.00%
2016-12-1,3.6,3.63,0.03,0.95%,3.6,3.64,1128865,40853.566,0.00%
2016-11-30,3.62,3.6,-0.03,-0.91%,3.59,3.63,1660677,59882.496,0.00%
2016-11-29,3.59,3.63,0.03,0.78%,3.58,3.65,1591361,57580.281,0.00%
2016-11-28,3.59,3.6,0.02,0.45%,3.59,3.62,1483483,53477.57,0.00%
2016-11-25,3.55,3.59,0.04,1.10%,3.52,3.59,1347871,48006.965,0.00%
2016-11-24,3.54,3.55,0.01,0.28%,3.53,3.57,1755187,62202.145,0.00%
2016-11-23,3.54,3.54,0.01,0.17%,3.53,3.55,911254,32272.592,0.00%
2016-11-22,3.5,3.53,0.04,1.00%,3.5,3.53,1721437,60616.562,0.00%
2016-11-21,3.48,3.5,0.02,0.46%,3.47,3.52,1362853,47760.891,0.00%
2016-11-18,3.49,3.48,-0.01,-0.34%,3.48,3.5,1097434,38286.594,0.00%
2016-11-17,3.48,3.49,0.01,0.23%,3.47,3.49,1314600,45764.188,0.00%
2016-11-16,3.48,3.48,0,0.03%,3.48,3.49,1439264,50142.449,0.00%
2016-11-15,3.49,3.48,0,-0.11%,3.47,3.49,1363920,47480.523,0.00%
2016-11-14,3.48,3.49,0,0.14%,3.47,3.51,2619852,91322.109,0.00%
2016-11-11,3.45,3.48,0.03,0.87%,3.44,3.49,1734272,60063.957,0.00%
2016-11-10,3.43,3.45,0.04,1.02%,3.43,3.46,1448274,49921.738,0.00%
2016-11-9,3.43,3.42,-0.01,-0.38%,3.37,3.43,1960762,66883.273,0.00%
2016-11-8,3.42,3.43,0.02,0.53%,3.42,3.45,1422438,48764.086,0.00%
2016-11-7,3.41,3.41,0,0.09%,3.4,3.42,1008060,34404.426,0.00%
2016-11-4,3.42,3.41,-0.01,-0.32%,3.4,3.43,1114075,38104.062,0.00%
2016-11-3,3.38,3.42,0.03,0.77%,3.38,3.44,2258266,77160.766,0.00%
2016-11-2,3.41,3.39,-0.02,-0.67%,3.39,3.41,852540,28991.943,0.00%
2016-11-1,3.39,3.42,0.02,0.62%,3.39,3.42,866924,29538.621,0.00%
2016-10-31,3.4,3.4,-0.01,-0.21%,3.37,3.4,891946,30219.584,0.00%
2016-10-28,3.41,3.4,0,-0.15%,3.4,3.44,1492268,51024.305,0.00%
2016-10-27,3.41,3.41,0,-0.15%,3.4,3.41,892225,30364.912,0.00%
2016-10-26,3.42,3.41,-0.01,-0.29%,3.41,3.42,1426710,48751.867,0.00%
2016-10-25,3.43,3.42,-0.01,-0.26%,3.42,3.43,1881782,64381.266,0.00%
2016-10-24,3.39,3.43,0.04,1.21%,3.39,3.45,2065992,70823.914,0.00%
2016-10-21,3.38,3.39,0.02,0.50%,3.37,3.4,1529254,51733.863,0.00%
2016-10-20,3.38,3.37,0,-0.15%,3.37,3.38,1087665,36722.656,0.00%
2016-10-19,3.38,3.38,0,-0.06%,3.37,3.4,1334998,45146.562,0.00%
2016-10-18,3.34,3.38,0.04,1.26%,3.34,3.38,1854193,62317.684,0.00%
2016-10-17,3.37,3.34,-0.03,-0.92%,3.31,3.37,1169469,39290.488,0.00%
2016-10-14,3.36,3.37,0.01,0.30%,3.34,3.37,1169802,39257.102,0.00%
2016-10-13,3.36,3.36,0,0.00%,3.35,3.37,950246,31933.855,0.00%
2016-10-12,3.36,3.36,-0.01,-0.24%,3.35,3.36,689822,23163.193,0.00%
2016-10-11,3.36,3.37,0.01,0.24%,3.35,3.37,1019211,34268.312,0.00%
2016-10-10,3.33,3.36,0.04,1.14%,3.32,3.37,1563661,52332.309,0.00%
2016-9-30,3.3,3.32,0.01,0.30%,3.3,3.33,1096256,36373.328,0.00%
2016-9-29,3.3,3.31,0.02,0.45%,3.3,3.32,1111320,36802.34,0.00%
2016-9-28,3.3,3.3,0,-0.15%,3.29,3.3,471317,15539.411,0.00%
2016-9-27,3.28,3.3,0.02,0.52%,3.28,3.3,1068962,35190.152,0.00%
2016-9-26,3.34,3.28,-0.06,-1.68%,3.28,3.34,1633492,54051.266,0.00%
2016-9-23,3.35,3.34,-0.01,-0.24%,3.34,3.36,673588,22526.523,0.00%
2016-9-22,3.34,3.35,0.02,0.66%,3.34,3.36,989001,33130.461,0.00%
2016-9-21,3.31,3.33,0.01,0.39%,3.31,3.33,680128,22590.23,0.00%
2016-9-20,3.32,3.31,0,-0.12%,3.31,3.32,706944,23429.881,0.00%
2016-9-19,3.3,3.32,0.02,0.64%,3.3,3.32,1007977,33422.105,0.00%
2016-9-14,3.31,3.3,-0.02,-0.60%,3.29,3.31,719669,23767.635,0.00%
2016-9-13,3.32,3.32,0,0.00%,3.31,3.33,954382,31664.279,0.00%
2016-9-12,3.34,3.32,-0.07,-1.98%,3.3,3.34,2064726,68524.078,0.00%
2016-9-9,3.4,3.38,-0.02,-0.50%,3.38,3.41,1204615,40902.773,0.00%
2016-9-8,3.4,3.4,0,-0.15%,3.39,3.41,748925,25457.832,0.00%
2016-9-7,3.41,3.41,0,0.06%,3.4,3.42,1969669,67225.352,0.00%
2016-9-6,3.38,3.4,0.03,0.86%,3.35,3.41,1428756,48303.27,0.00%
2016-9-5,3.38,3.38,0.01,0.21%,3.37,3.4,1592258,53832.59,0.00%
2016-9-2,3.35,3.37,0.02,0.45%,3.35,3.38,988755,33270.984,0.00%
2016-9-1,3.39,3.35,-0.04,-1.06%,3.35,3.39,923902,31160.5,0.00%
2016-8-31,3.37,3.39,0.01,0.41%,3.36,3.4,1120571,37863.938,0.00%
2016-8-30,3.36,3.38,0.01,0.42%,3.36,3.39,1034445,34831.5,0.00%
2016-8-29,3.36,3.36,0,-0.03%,3.35,3.37,778727,26170.322,0.00%
2016-8-26,3.37,3.36,0,-0.12%,3.36,3.39,791423,26709.236,0.00%
2016-8-25,3.37,3.37,-0.02,-0.53%,3.34,3.38,1262292,42346.035,0.00%
2016-8-24,3.4,3.38,-0.01,-0.41%,3.38,3.4,1542671,52302.363,0.00%
2016-8-23,3.4,3.4,0,0.06%,3.38,3.42,2416251,82146.609,0.00%
2016-8-22,3.42,3.4,-0.02,-0.70%,3.39,3.43,1053783,35899.281,0.00%
2016-8-19,3.42,3.42,0,-0.12%,3.39,3.43,1322039,45092.094,0.00%
2016-8-18,3.44,3.42,0,-0.15%,3.41,3.45,953906,32715.605,0.00%
2016-8-17,3.43,3.43,-0.01,-0.23%,3.42,3.45,1188311,40799.219,0.00%
2016-8-16,3.46,3.44,-0.01,-0.29%,3.43,3.48,2741304,94531.062,0.00%
2016-8-15,3.36,3.45,0.1,2.96%,3.35,3.48,3925781,134796.781,0.00%
2016-8-12,3.28,3.35,0.06,1.76%,3.28,3.35,2173902,72056.164,0.00%
2016-8-11,3.29,3.29,0,-0.12%,3.29,3.33,1265070,41808.414,0.00%
2016-8-10,3.3,3.29,-0.01,-0.30%,3.29,3.31,1765682,58276.352,0.00%
2016-8-9,3.28,3.3,0.02,0.46%,3.28,3.31,2312882,76309.242,0.00%
2016-8-8,3.26,3.29,0.03,0.83%,3.24,3.29,849698,27775.449,0.00%
2016-8-5,3.25,3.26,0.01,0.40%,3.24,3.28,1014150,33055.898,0.00%
2016-8-4,3.24,3.25,0.01,0.31%,3.22,3.25,930975,30106.811,0.00%
2016-8-3,3.23,3.24,0,0.12%,3.22,3.25,2018837,65348.805,0.00%
2016-8-2,3.23,3.24,0.01,0.25%,3.22,3.25,1164916,37618.824,0.00%
2016-8-1,3.24,3.23,-0.03,-0.83%,3.21,3.25,1333762,43035.469,0.00%
2016-7-29,3.26,3.25,-0.01,-0.34%,3.24,3.27,1267245,41343.461,0.00%
2016-7-28,3.24,3.26,0.01,0.28%,3.24,3.28,2122107,69284,0.00%
2016-7-27,3.32,3.26,-0.06,-1.84%,3.21,3.32,2287309,74566.633,0.00%
2016-7-26,3.28,3.32,0.04,1.28%,3.28,3.32,1080209,35669.586,0.00%
2016-7-25,3.27,3.28,0,-0.03%,3.27,3.3,950112,31170.803,0.00%
2016-7-22,3.3,3.28,-0.03,-0.88%,3.27,3.3,1152247,37858.289,0.00%
2016-7-21,3.29,3.3,0.02,0.55%,3.29,3.32,1073903,35531.496,0.00%
2016-7-20,3.29,3.29,-0.01,-0.21%,3.28,3.3,648020,21334.301,0.00%
2016-7-19,3.31,3.29,-0.02,-0.51%,3.28,3.31,1169011,38497.551,0.00%
2016-7-18,3.32,3.31,-0.01,-0.36%,3.3,3.32,1384782,45882.824,0.00%
2016-7-15,3.33,3.32,0,0.12%,3.31,3.33,916970,30459.633,0.00%
2016-7-14,3.32,3.32,0,-0.15%,3.31,3.32,1304280,43277.184,0.00%
2016-7-13,3.32,3.32,0.01,0.21%,3.32,3.35,2498416,83296.141,0.00%
2016-7-12,3.23,3.32,0.08,2.53%,3.23,3.32,1723629,56457.496,0.00%
2016-7-11,3.23,3.24,0.01,0.25%,3.23,3.28,1079601,35091.621,0.00%
2016-7-8,3.23,3.23,-0.01,-0.37%,3.22,3.24,1680194,54242.434,0.00%
2016-7-7,3.23,3.24,0,0.12%,3.22,3.25,1856772,60068.25,0.00%
2016-7-6,3.22,3.24,0.02,0.50%,3.21,3.24,2780687,89651.344,0.00%
2016-7-5,3.21,3.22,0.01,0.25%,3.21,3.23,1607144,51723.215,0.00%
2016-7-4,3.15,3.21,0.05,1.68%,3.14,3.22,1378107,44138.887,0.00%
2016-7-1,3.16,3.16,0,-0.09%,3.16,3.18,937667,29684.045,0.00%
2016-6-30,3.16,3.16,0,0.16%,3.15,3.17,928513,29359.084,0.00%
2016-6-29,3.14,3.16,0.01,0.45%,3.14,3.17,1195420,37678.949,0.00%
2016-6-28,3.12,3.14,0.02,0.51%,3.1,3.14,1814890,56611.566,0.00%
2016-6-27,3.08,3.13,0.04,1.26%,3.08,3.13,1355578,42147.117,0.00%
2016-6-24,3.12,3.09,-0.03,-1.06%,3.04,3.14,1543955,47873.867,0.00%
2016-6-23,3.13,3.12,-0.01,-0.32%,3.1,3.13,993873,30992.816,0.00%
2016-6-22,3.11,3.13,0.02,0.61%,3.1,3.13,1172914,36620.809,0.00%
2016-6-21,3.13,3.11,-0.01,-0.22%,3.1,3.17,1445446,45280.047,0.00%
2016-6-20,3.12,3.12,0,0.03%,3.1,3.13,821085,25548.367,0.00%
2016-6-17,3.11,3.12,0.01,0.42%,3.1,3.14,2013081,62822.078,0.00%
2016-6-16,3.12,3.1,-0.02,-0.61%,3.1,3.12,877245,27286.006,0.00%
2016-6-15,3.06,3.12,0.04,1.33%,3.05,3.15,1945951,60520.488,0.00%
2016-6-14,3.06,3.08,0.01,0.42%,3.06,3.08,1750902,53800.078,0.00%
2016-6-13,3.15,3.07,-0.1,-3.28%,3.07,3.15,3299624,102667.359,0.00%
2016-6-8,3.17,3.17,0,-0.13%,3.15,3.18,726250,22982.037,0.00%
2016-6-7,3.18,3.18,0,0.00%,3.17,3.18,576210,18302.938,0.00%
2016-6-6,3.19,3.18,-0.02,-0.59%,3.17,3.2,816479,25980.57,0.00%
2016-6-3,3.16,3.2,0.04,1.17%,3.16,3.21,1777932,56420.441,0.00%
2016-6-2,3.16,3.16,0,0.10%,3.14,3.16,923858,29140.947,0.00%
2016-6-1,3.17,3.16,-0.01,-0.41%,3.15,3.18,1713478,54184.352,0.00%
2016-5-31,3.06,3.17,0.11,3.49%,3.06,3.17,4945933,155417.703,0.00%
2016-5-30,3.06,3.06,0,0.07%,3.03,3.07,792383,24191.777,0.00%
2016-5-27,3.06,3.06,0,0.07%,3.05,3.07,856852,26199.252,0.00%
2016-5-26,3.06,3.06,0,0.00%,3.03,3.07,1424764,43367.039,0.00%
2016-5-25,3.07,3.06,0,-0.07%,3.05,3.09,837864,25709.979,0.00%
2016-5-24,3.08,3.06,-0.02,-0.62%,3.05,3.08,967809,29600.643,0.00%
2016-5-23,3.08,3.08,0,0.16%,3.07,3.1,1078091,33250.746,0.00%
2016-5-20,3.05,3.07,0.02,0.65%,3.04,3.08,1390693,42537.992,0.00%
2016-5-19,3.06,3.05,-0.01,-0.20%,3.05,3.08,1112605,34161.723,0.00%
2016-5-18,3.07,3.06,-0.02,-0.65%,3.03,3.07,1192442,36378.789,0.00%
2016-5-17,3.09,3.08,0,-0.16%,3.06,3.1,961064,29579.738,0.00%
2016-5-16,3.07,3.08,0.01,0.39%,3.04,3.09,1102907,33873.602,0.00%
2016-5-13,3.07,3.07,-0.01,-0.36%,3.06,3.1,908964,27991.92,0.00%
2016-5-12,3.06,3.08,0.01,0.36%,3.03,3.09,1195078,36629.199,0.00%
2016-5-11,3.07,3.07,0.01,0.39%,3.06,3.1,994515,30593.609,0.00%
2016-5-10,3.06,3.06,0,-0.10%,3.05,3.08,1135479,34796.191,0.00%
2016-5-9,3.12,3.06,-0.06,-2.05%,3.05,3.12,3272034,100443.195,0.00%
2016-5-6,3.2,3.13,-0.07,-2.28%,3.13,3.21,2155428,68432.906,0.00%
2016-5-5,3.2,3.2,0,0.00%,3.19,3.21,1320283,42228.754,0.00%
2016-5-4,3.2,3.2,-0.01,-0.37%,3.19,3.22,1844623,59030.648,0.00%
2016-5-3,3.16,3.21,0.06,1.94%,3.14,3.22,2341181,74820.133,0.00%
2016-4-29,3.15,3.15,0,-0.13%,3.14,3.17,1135891,35866.574,0.00%
2016-4-28,3.16,3.16,0,-0.06%,3.13,3.17,1445680,45496.094,0.00%
2016-4-27,3.17,3.16,-0.02,-0.47%,3.15,3.18,1447534,45806.891,0.00%
2016-4-26,3.15,3.17,0.02,0.57%,3.14,3.18,1301659,41114.387,0.00%
2016-4-25,3.16,3.16,-0.01,-0.32%,3.11,3.16,1560970,49014.367,0.00%
2016-4-22,3.14,3.16,0.01,0.44%,3.13,3.17,1534015,48359.031,0.00%
2016-4-21,3.15,3.15,-0.02,-0.47%,3.14,3.2,2547429,80665.195,0.00%
2016-4-20,3.24,3.17,-0.06,-1.74%,3.09,3.24,4679624,147726.797,0.00%
2016-4-19,3.23,3.22,0,0.12%,3.21,3.24,2768543,89153.828,0.00%
2016-4-18,3.24,3.22,-0.05,-1.41%,3.21,3.24,2255224,72668.258,0.00%
2016-4-15,3.27,3.26,0,0.09%,3.25,3.27,1908465,62194.926,0.00%
2016-4-14,3.26,3.26,0.01,0.37%,3.24,3.28,1963764,64005.562,0.00%
2016-4-13,3.23,3.25,0.04,1.28%,3.23,3.29,6647237,217511.984,0.00%
2016-4-12,3.21,3.21,0,-0.12%,3.19,3.22,4237926,135585.953,0.00%
2016-4-11,3.2,3.21,0.04,1.10%,3.2,3.25,2939344,94925.156,0.00%
2016-4-8,3.18,3.18,-0.03,-0.84%,3.15,3.2,2876953,91196.281,0.00%
2016-4-7,3.25,3.2,-0.04,-1.23%,3.2,3.26,2359795,76073.938,0.00%
2016-4-6,3.24,3.24,-0.01,-0.18%,3.23,3.26,2822236,91531.938,0.00%
2016-4-5,3.2,3.25,0.03,0.96%,3.2,3.27,3410879,110592.664,0.00%
2016-4-1,3.2,3.22,0.01,0.31%,3.15,3.22,2554757,81585.945,0.00%
2016-3-31,3.22,3.21,-0.01,-0.19%,3.19,3.23,2677770,86078.648,0.00%
2016-3-30,3.15,3.22,0.09,2.75%,3.15,3.22,3213460,102368.898,0.00%
2016-3-29,3.16,3.13,-0.03,-0.82%,3.11,3.17,5106344,160048.625,0.00%
2016-3-28,3.2,3.16,-0.03,-0.94%,3.15,3.23,2537085,80929,0.00%
2016-3-25,3.17,3.18,0.01,0.41%,3.16,3.2,2554328,81249.398,0.00%
2016-3-24,3.2,3.17,-0.05,-1.55%,3.17,3.21,3537115,112861.156,0.00%
2016-3-23,3.21,3.22,0.01,0.19%,3.19,3.24,2526468,81233.289,0.00%
2016-3-22,3.22,3.22,-0.02,-0.68%,3.21,3.24,1688628,54480.5,0.00%
2016-3-21,3.19,3.24,0.07,2.21%,3.19,3.26,3885501,125610.906,0.00%
2016-3-18,3.12,3.17,0.04,1.41%,3.12,3.2,9687665,307381.531,0.00%
2016-3-17,3.08,3.12,0.05,1.63%,3.06,3.15,4099650,127638.852,0.00%
2016-3-16,3.04,3.07,0.02,0.65%,3.04,3.1,2877221,88514.367,0.00%
2016-3-15,3.06,3.05,-0.01,-0.33%,3.02,3.06,2931010,89252.75,0.00%
2016-3-14,3.03,3.06,0.06,2.17%,3.03,3.1,5780534,177875.312,0.00%
2016-3-11,2.98,3,-0.01,-0.20%,2.96,3.02,1589932,47596.305,0.00%
2016-3-10,3.04,3,-0.04,-1.35%,3,3.07,1373433,41711.84,0.00%
2016-3-9,3.04,3.05,-0.05,-1.49%,3.01,3.05,2647695,80304.055,0.00%
2016-3-8,3.09,3.09,-0.01,-0.35%,3,3.1,2890423,87680.617,0.00%
2016-3-7,3.09,3.1,0.02,0.78%,3.07,3.18,3423066,106212.406,0.00%
2016-3-4,3.04,3.08,0.04,1.22%,3.02,3.1,4606083,141188.984,0.00%
2016-3-3,3.05,3.04,-0.01,-0.23%,3.03,3.09,2388758,72928.195,0.00%
2016-3-2,2.92,3.05,0.13,4.49%,2.92,3.06,4514134,135051.812,0.00%
2016-3-1,2.87,2.92,0.05,1.89%,2.81,2.94,2345626,67992.688,0.00%
2016-2-29,2.92,2.86,-0.07,-2.35%,2.81,2.93,3940303,112340.828,0.00%
2016-2-26,2.93,2.93,0.03,0.96%,2.9,2.96,4618958,135417.391,0.00%
2016-2-25,3.1,2.9,-0.2,-6.38%,2.88,3.1,3757682,112539.953,0.00%
2016-2-24,3.07,3.1,0.02,0.75%,3.04,3.11,2805922,86285.305,0.00%
2016-2-23,3.1,3.08,-0.02,-0.77%,3.05,3.11,2300798,70959.797,0.00%
2016-2-22,3.09,3.1,0.06,2.07%,3.06,3.12,7328682,226323.094,0.00%
2016-2-19,3.05,3.04,-0.01,-0.26%,3.02,3.07,2113775,64325.414,0.00%
2016-2-18,3.08,3.05,0,-0.13%,3.04,3.09,2211640,67838.203,0.00%
2016-2-17,3.02,3.05,0.03,1.03%,3.02,3.06,2351821,71464.164,0.00%
2016-2-16,2.95,3.02,0.08,2.82%,2.95,3.03,2719885,81754.844,0.00%
2016-2-15,2.9,2.94,-0.01,-0.37%,2.88,2.95,2216572,64551.648,0.00%
2016-2-5,2.98,2.95,-0.04,-1.17%,2.95,2.98,4766112,141485.016,0.00%
2016-2-4,2.96,2.98,0.04,1.32%,2.95,2.99,4273606,127088.219,0.00%
2016-2-3,2.93,2.95,-0.01,-0.47%,2.9,2.95,2278307,66597.062,0.00%
2016-2-2,2.89,2.96,0.06,2.14%,2.89,2.97,2210160,65051.496,0.00%
2016-2-1,2.93,2.9,-0.03,-1.09%,2.86,2.94,1669837,48538.766,0.00%
2016-1-29,2.85,2.93,0.08,2.84%,2.85,2.96,3053498,88799.43,0.00%
2016-1-28,2.9,2.85,-0.06,-2.16%,2.84,2.93,2435149,70430.711,0.00%
2016-1-27,2.95,2.91,-0.03,-1.09%,2.84,2.98,5350878,155516.766,0.00%
2016-1-26,3.08,2.94,-0.18,-5.64%,2.93,3.1,2987121,90289.875,0.00%
2016-1-25,3.14,3.12,0.01,0.39%,3.09,3.15,1795483,56027.125,0.00%
2016-1-22,3.11,3.11,0.03,0.97%,3.05,3.13,2439673,75481.945,0.00%
2016-1-21,3.14,3.08,-0.09,-2.87%,3.07,3.2,2733316,85837.148,0.00%
2016-1-20,3.2,3.17,-0.04,-1.31%,3.14,3.22,2565344,81592.398,0.00%
2016-1-19,3.17,3.26,0.09,2.87%,3.16,3.28,2523184,81584.18,0.00%
2016-1-18,3.13,3.17,0,0.06%,3.12,3.21,3142912,99591.523,0.00%
2016-1-15,3.24,3.17,-0.1,-2.94%,3.15,3.26,3014651,96652.305,0.00%
2016-1-14,3.14,3.26,0.05,1.68%,3.13,3.27,3469088,110723.242,0.00%
2016-1-13,3.28,3.21,-0.04,-1.38%,3.19,3.3,2500410,81554.25,0.00%
2016-1-12,3.26,3.26,0.02,0.71%,3.22,3.3,2766902,90258.25,0.00%
2016-1-11,3.34,3.23,-0.18,-5.13%,3.23,3.39,4612188,153339.625,0.00%
2016-1-8,3.48,3.41,-0.08,-2.18%,3.29,3.48,4083360,138703.703,0.00%
2016-1-7,3.54,3.48,-0.1,-2.74%,3.4,3.54,750405,26099.344,0.00%
2016-1-6,3.52,3.58,0.06,1.56%,3.52,3.59,1752466,62244.492,0.00%
2016-1-5,3.47,3.53,-0.01,-0.23%,3.43,3.58,4268878,149717.438,0.00%
2016-1-4,3.78,3.54,-0.24,-6.43%,3.53,3.78,3108540,113717.359,0.00%
2015-12-31,3.8,3.78,-0.03,-0.89%,3.78,3.83,1270700,48283.352,0.00%
2015-12-30,3.81,3.8,-0.01,-0.37%,3.8,3.82,576822,21961.143,0.00%
2015-12-29,3.77,3.81,0.04,0.93%,3.77,3.81,1529129,57920.664,0.00%
2015-12-28,3.88,3.78,-0.12,-3.00%,3.77,3.9,1661649,63834.766,0.00%
2015-12-25,3.88,3.9,0.02,0.52%,3.86,3.9,1475445,57296.844,0.00%
2015-12-24,3.92,3.88,-0.05,-1.20%,3.84,3.92,1982189,76815.211,0.00%
2015-12-23,3.93,3.92,0,-0.13%,3.91,3.98,2892636,113966.336,0.00%
2015-12-22,3.93,3.93,0,0.13%,3.88,3.93,1541485,60321.707,0.00%
2015-12-21,3.81,3.92,0.1,2.62%,3.8,3.95,1594826,62069.633,0.00%
2015-12-18,3.81,3.82,0.01,0.37%,3.8,3.86,1489845,56950.426,0.00%
2015-12-17,3.76,3.81,0.07,1.87%,3.76,3.82,1571514,59661.797,0.00%
2015-12-16,3.75,3.74,0,0.03%,3.73,3.77,971984,36472.207,0.00%
2015-12-15,3.77,3.74,-0.04,-0.95%,3.73,3.77,1409127,52903.699,0.00%
2015-12-14,3.64,3.77,0.11,3.06%,3.63,3.78,1989950,73562.859,0.00%
2015-12-11,3.66,3.66,-0.02,-0.49%,3.64,3.69,1507340,55080.891,0.00%
2015-12-10,3.7,3.68,-0.01,-0.19%,3.66,3.73,2103556,77878.367,0.00%
2015-12-9,3.68,3.69,0,0.14%,3.66,3.71,942590,34738.98,0.00%
2015-12-8,3.71,3.68,-0.05,-1.45%,3.66,3.72,949081,35010.262,0.00%
2015-12-7,3.73,3.74,0.01,0.16%,3.71,3.76,785126,29302.611,0.00%
2015-12-4,3.78,3.73,-0.07,-1.89%,3.71,3.78,1394299,52205.605,0.00%
2015-12-3,3.78,3.8,0.01,0.21%,3.75,3.82,1456644,55068.062,0.00%
2015-12-2,3.63,3.79,0.16,4.29%,3.62,3.8,1869804,69287.32,0.00%
2015-12-1,3.6,3.64,0.03,0.78%,3.58,3.66,2790143,101169.82,0.00%
2015-11-30,3.62,3.61,0,0.03%,3.51,3.64,2035673,72891.625,0.00%
2015-11-27,3.8,3.61,-0.21,-5.40%,3.59,3.8,1851806,68437.062,0.00%
2015-11-26,3.86,3.81,-0.02,-0.47%,3.8,3.86,1267994,48630.684,0.00%
2015-11-25,3.8,3.83,0.02,0.60%,3.79,3.84,1485889,56659.129,0.00%
2015-11-24,3.79,3.81,0,0.08%,3.75,3.81,1253068,47445.832,0.00%
2015-11-23,3.82,3.81,-0.02,-0.50%,3.8,3.86,877203,33617.121,0.00%
2015-11-20,3.84,3.82,-0.01,-0.29%,3.81,3.85,1190018,45608.238,0.00%
2015-11-19,3.78,3.84,0.06,1.51%,3.77,3.84,1001049,37970.91,0.00%
2015-11-18,3.81,3.78,-0.03,-0.87%,3.7,3.83,1370455,51894.367,0.00%
2015-11-17,3.84,3.81,-0.01,-0.37%,3.8,3.92,1486758,57367.551,0.00%
2015-11-16,3.76,3.83,0.02,0.58%,3.74,3.83,1374761,52004.469,0.00%
2015-11-13,3.82,3.8,-0.04,-0.96%,3.78,3.84,1474506,56226.469,0.00%
2015-11-12,3.88,3.84,-0.04,-1.03%,3.81,3.89,1444703,55620.543,0.00%
2015-11-11,3.88,3.88,0,-0.13%,3.83,3.9,1765150,68140.195,0.00%
2015-11-10,3.86,3.89,-0.01,-0.28%,3.86,3.92,1401064,54436.98,0.00%
2015-11-9,3.85,3.9,0.04,1.04%,3.85,3.94,2517805,98357.195,0.00%
2015-11-6,3.77,3.86,0.09,2.39%,3.76,3.87,2646076,100914.422,0.00%
2015-11-5,3.7,3.77,0.06,1.59%,3.67,3.86,2727443,102595.062,0.00%
2015-11-4,3.51,3.71,0.21,6.00%,3.51,3.72,2712068,97755.172,0.00%
2015-11-3,3.53,3.5,-0.03,-0.77%,3.48,3.54,2212781,77839.195,0.00%
2015-11-2,3.55,3.52,-0.06,-1.67%,3.51,3.59,2680803,95207.875,0.00%
2015-10-30,3.58,3.58,0,0.03%,3.54,3.63,995649,35685.688,0.00%
2015-10-29,3.58,3.58,0,0.14%,3.56,3.62,1213244,43513.395,0.00%
2015-10-28,3.62,3.58,-0.06,-1.76%,3.57,3.65,1744483,63129.02,0.00%
2015-10-27,3.63,3.64,0,0.05%,3.54,3.66,1322361,47594.023,0.00%
2015-10-26,3.67,3.64,0.01,0.17%,3.62,3.67,1803183,65880.695,0.00%
2015-10-23,3.57,3.64,0.06,1.76%,3.57,3.64,1197799,43086.914,0.00%
2015-10-22,3.5,3.57,0.04,1.28%,3.5,3.58,973251,34398.297,0.00%
2015-10-21,3.64,3.53,-0.11,-3.00%,3.47,3.65,1658596,59257.695,0.00%
2015-10-20,3.59,3.64,0.05,1.31%,3.56,3.64,795328,28547.469,0.00%
2015-10-19,3.6,3.59,-0.01,-0.17%,3.56,3.62,1203408,43213.371,0.00%
2015-10-16,3.56,3.6,0.05,1.38%,3.54,3.6,2075700,74293.891,0.00%
2015-10-15,3.45,3.55,0.09,2.57%,3.44,3.55,1263223,44350.645,0.00%
2015-10-14,3.48,3.46,-0.04,-1.09%,3.46,3.51,1138426,39643.949,0.00%
2015-10-13,3.48,3.5,-0.02,-0.71%,3.46,3.5,1443108,50319.281,0.00%
2015-10-12,3.38,3.52,0.14,4.17%,3.38,3.54,1969044,68589.047,0.00%
2015-10-9,3.33,3.38,0.04,1.26%,3.33,3.4,972619,32688.186,0.00%
2015-10-8,3.36,3.34,0.12,3.60%,3.34,3.36,1102589,36903.461,0.00%
2015-9-30,3.21,3.22,0.02,0.69%,3.21,3.25,502083,16190.521,0.00%
2015-9-29,3.22,3.2,-0.06,-1.93%,3.18,3.23,732167,23474.129,0.00%
2015-9-28,3.25,3.26,0.02,0.59%,3.22,3.27,1018360,33132.273,0.00%
2015-9-25,3.3,3.24,-0.07,-2.17%,3.22,3.31,1123987,36695.504,0.00%
2015-9-24,3.32,3.32,0.03,0.85%,3.28,3.33,772058,25555.164,0.00%
2015-9-23,3.3,3.29,-0.08,-2.32%,3.28,3.35,873020,28887.578,0.00%
2015-9-22,3.34,3.36,0.03,0.78%,3.33,3.41,2116113,71211.258,0.00%
2015-9-21,3.25,3.34,0.06,1.83%,3.23,3.36,2525744,83287.016,0.00%
2015-9-18,3.3,3.28,0,-0.03%,3.26,3.31,2581484,84854.102,0.00%
2015-9-17,3.3,3.28,-0.06,-1.94%,3.27,3.38,4197731,140091.875,0.00%
2015-9-16,3.18,3.34,0.17,5.42%,3.16,3.4,5723574,185603.047,0.00%
2015-9-15,3.24,3.17,-0.1,-2.94%,3.16,3.28,2166238,69411.062,0.00%
2015-9-14,3.4,3.27,-0.12,-3.51%,3.2,3.41,1980072,65056.574,0.00%
2015-9-11,3.39,3.39,0.01,0.21%,3.36,3.44,2550800,86842.422,0.00%
2015-9-10,3.4,3.38,-0.06,-1.77%,3.38,3.45,1016280,34590.848,0.00%
2015-9-9,3.4,3.44,0.06,1.89%,3.37,3.47,1883864,64498.254,0.00%
2015-9-8,3.25,3.38,0.09,2.71%,3.19,3.39,2032500,66768.016,0.00%
2015-9-7,3.37,3.29,-0.08,-2.46%,3.28,3.47,1785875,60545.922,0.00%
2015-9-2,3.28,3.37,-0.01,-0.30%,3.23,3.42,2444089,82105.234,0.00%
2015-9-1,3.3,3.38,-0.01,-0.38%,3.22,3.4,2274113,75789.781,0.00%
2015-8-31,3.32,3.4,-0.01,-0.21%,3.24,3.4,3136291,103803.641,0.00%
2015-8-28,3.28,3.4,0.14,4.45%,3.24,3.42,5682560,188106.391,0.00%
2015-8-27,3.12,3.26,0.19,6.19%,3.07,3.27,7086962,222207.844,0.00%
2015-8-26,3.07,3.07,0.08,2.82%,2.99,3.22,7356206,228758.5,0.00%
2015-8-25,3.1,2.98,-0.28,-8.58%,2.97,3.23,7105358,221901.719,0.00%
2015-8-24,3.51,3.26,-0.36,-9.99%,3.26,3.51,5422396,182394.5,0.00%
2015-8-21,3.8,3.62,-0.19,-4.98%,3.62,3.81,6931380,258153.109,0.00%
2015-8-20,3.87,3.82,-0.1,-2.55%,3.8,3.91,2333264,90157.93,0.00%
2015-8-19,3.8,3.92,0.09,2.30%,3.7,3.94,5919635,225670.781,0.00%
2015-8-18,4.11,3.83,-0.28,-6.86%,3.82,4.14,4606012,184439.922,0.00%
2015-8-17,4.08,4.11,0.01,0.17%,4.04,4.12,3455986,140920.078,0.00%
2015-8-14,4.13,4.1,-0.01,-0.24%,4.09,4.14,5458429,225059.359,0.00%
2015-8-13,4.06,4.11,0.06,1.36%,4,4.12,4652588,189238.703,0.00%
2015-8-12,4.06,4.06,-0.04,-1.02%,4.05,4.13,3885216,158714.703,0.00%
2015-8-11,4.14,4.1,-0.05,-1.18%,4.08,4.15,3004252,123808.797,0.00%
2015-8-10,3.98,4.15,0.2,4.93%,3.96,4.16,3991595,161814.547,0.00%
2015-8-7,3.9,3.95,0.08,2.07%,3.9,3.98,6858932,270563.75,0.00%
2015-8-6,3.86,3.87,-0.04,-1.10%,3.84,3.93,2958714,115067.172,0.00%
2015-8-5,3.99,3.92,-0.09,-2.22%,3.88,4,3735917,147270.391,0.00%
2015-8-4,3.86,4,0.15,3.97%,3.84,4.01,2827401,111127.117,0.00%
2015-8-3,3.79,3.85,0,0.03%,3.76,3.86,2193441,83597.438,0.00%
2015-7-31,3.84,3.85,0,0.00%,3.8,3.91,3505092,135056.297,0.00%
2015-7-30,3.95,3.85,-0.14,-3.44%,3.84,4.01,3901715,154466.719,0.00%
2015-7-29,3.88,3.99,0.14,3.67%,3.81,4,5245457,202271.047,0.00%
2015-7-28,3.72,3.85,0.04,1.16%,3.67,3.92,7616119,288089.969,0.00%
2015-7-27,4.14,3.8,-0.42,-9.84%,3.8,4.2,5086914,205293.516,0.00%
2015-7-24,4.3,4.22,-0.09,-2.09%,4.19,4.34,4200410,180134,0.00%
2015-7-23,4.2,4.31,0.11,2.72%,4.18,4.32,5204890,221788.078,0.00%
2015-7-22,4.2,4.19,-0.02,-0.47%,4.14,4.22,3665738,153775.484,0.00%
2015-7-21,4.13,4.21,0.03,0.62%,4.1,4.24,4712594,197683.578,0.00%
2015-7-20,4.18,4.19,-0.01,-0.29%,4.13,4.25,6895961,289197.375,0.00%
2015-7-17,4.07,4.2,0.16,4.06%,4.02,4.23,7336477,303401.875,0.00%
2015-7-16,3.93,4.04,0.09,2.31%,3.89,4.1,6337550,254251.438,0.00%
2015-7-15,4.09,3.94,-0.21,-5.03%,3.9,4.14,6006835,240406.141,0.00%
2015-7-14,4.16,4.15,-0.08,-1.89%,4.09,4.3,9097319,380952.281,0.00%
2015-7-13,4.15,4.23,0.04,1.07%,4.1,4.32,10322504,433916,0.00%
2015-7-10,3.93,4.19,0.38,9.98%,3.86,4.19,12497601,513673.156,0.00%
2015-7-9,3.42,3.81,0.35,9.99%,3.41,3.81,13925565,508964.25,0.00%
2015-7-8,3.55,3.46,-0.38,-10.01%,3.46,3.7,16586075,589577.062,0.00%
2015-7-7,3.92,3.85,-0.18,-4.40%,3.77,3.98,33833888,1312863.5,0.00%
2015-7-6,4.31,4.02,0.11,2.70%,3.83,4.31,49183036,1991243.125,0.00%
2015-7-3,4.11,3.92,-0.19,-4.60%,3.78,4.18,35819536,1423685.625,0.00%
2015-7-2,4.28,4.11,-0.09,-2.12%,3.96,4.32,22616374,943825.312,0.00%
2015-7-1,4.41,4.2,-0.29,-6.40%,4.17,4.53,13863663,614923.438,0.00%
2015-6-30,4.19,4.48,0.3,7.22%,4,4.48,27653176,1172933.375,0.00%
2015-6-29,4.44,4.18,-0.16,-3.77%,3.96,4.44,17347940,739145.875,0.00%
2015-6-26,4.59,4.35,-0.35,-7.45%,4.23,4.66,9893036,443049.375,0.00%
2015-6-25,4.89,4.7,-0.18,-3.59%,4.66,4.92,6760862,327148.219,0.00%
2015-6-24,4.79,4.87,0.1,2.20%,4.68,4.88,13416412,644520.938,0.00%
2015-6-23,4.62,4.77,0.16,3.54%,4.45,4.78,17606866,819990.812,0.00%
2015-6-19,4.84,4.6,-0.31,-6.23%,4.59,4.89,10840079,518781.125,0.00%
2015-6-18,5.08,4.91,-0.2,-3.93%,4.89,5.09,8722979,437860.812,0.00%
2015-6-17,5.04,5.11,0.08,1.49%,4.94,5.14,10940242,549283.875,0.00%
2015-6-16,5.15,5.04,-0.14,-2.63%,4.98,5.17,9127586,464065.688,0.00%
2015-6-15,5.31,5.17,-0.13,-2.40%,5.16,5.33,8778393,460947.562,0.00%
2015-6-12,5.28,5.3,0.04,0.74%,5.24,5.33,8205332,433571.031,0.00%
2015-6-11,5.26,5.26,0,0.02%,5.21,5.3,7340937,385468.75,0.00%
2015-6-10,5.23,5.26,0,-0.10%,5.2,5.35,7031790,370236.062,0.00%
2015-6-9,5.32,5.26,-0.04,-0.81%,5.2,5.32,17623198,928737.875,0.00%
2015-6-8,5.2,5.31,0.13,2.45%,5.13,5.35,25233080,1313136.375,0.00%
2015-6-5,5.2,5.18,0.01,0.15%,5.05,5.25,14405085,745393.875,0.00%
2015-6-4,5.12,5.17,0.06,1.13%,4.71,5.18,21827336,1094636.25,0.00%
2015-6-3,5.16,5.11,-0.04,-0.83%,5.02,5.17,14301796,729955.75,0.00%
2015-6-2,5.07,5.16,0.09,1.70%,5,5.16,15123215,767266.562,0.00%
2015-6-1,4.82,5.07,0.25,5.23%,4.8,5.08,17542104,868547.188,0.00%
2015-5-29,4.83,4.82,0,0.06%,4.64,4.9,20550190,983814.438,0.00%
2015-5-28,5.16,4.82,-0.35,-6.78%,4.76,5.18,15097912,761028.188,0.00%
2015-5-27,5.18,5.16,0,0.00%,5.1,5.21,15048547,776277.562,0.00%
2015-5-26,5.1,5.16,0.08,1.47%,5.04,5.18,11309206,578282.5,0.00%
2015-5-25,4.93,5.09,0.16,3.16%,4.92,5.09,11365784,571057.312,0.00%
2015-5-22,4.86,4.93,0.1,2.15%,4.85,4.94,12159246,594448.938,0.00%
2015-5-21,4.74,4.83,0.1,2.05%,4.73,4.83,11635718,555878.625,0.00%
2015-5-20,4.74,4.73,0.02,0.47%,4.7,4.83,20741770,989417.875,0.00%
2015-5-19,4.55,4.71,0.16,3.45%,4.55,4.73,15114417,704377.625,0.00%
2015-5-18,4.57,4.55,-0.03,-0.74%,4.53,4.6,7372686,337465.875,0.00%
2015-5-15,4.67,4.59,-0.09,-1.84%,4.57,4.67,8241200,380262.75,0.00%
2015-5-14,4.69,4.67,-0.01,-0.23%,4.65,4.71,6155978,287990.625,0.00%
2015-5-13,4.74,4.68,-0.04,-0.93%,4.66,4.74,6823684,321134.938,0.00%
2015-5-12,4.67,4.73,0.05,1.16%,4.64,4.73,7819126,365879.938,0.00%
2015-5-11,4.55,4.68,0.15,3.29%,4.51,4.68,27020158,1236026.375,0.00%
2015-5-8,4.49,4.53,0.07,1.55%,4.42,4.53,13094728,587328.75,0.00%
2015-5-7,4.51,4.46,-0.08,-1.74%,4.44,4.53,25005676,1122353.375,0.00%
2015-5-6,4.59,4.54,-0.05,-1.05%,4.5,4.68,18782494,863628.375,0.00%
2015-5-5,4.76,4.58,-0.18,-3.80%,4.55,4.76,9813952,458756.312,0.00%
2015-5-4,4.74,4.76,0.03,0.55%,4.69,4.77,7988416,378081.906,0.00%
2015-4-30,4.76,4.74,-0.01,-0.21%,4.74,4.8,7658200,365217.5,0.00%
2015-4-29,4.72,4.75,0.03,0.55%,4.68,4.78,8027906,379429.75,0.00%
2015-4-28,4.77,4.72,-0.06,-1.30%,4.68,4.8,12519068,595396.938,0.00%
2015-4-27,4.74,4.78,0.1,2.07%,4.7,4.8,11266967,535343.375,0.00%
2015-4-24,4.67,4.69,-0.02,-0.36%,4.59,4.7,8708713,404935.125,0.00%
2015-4-23,4.74,4.7,0,-0.11%,4.67,4.75,9725637,458679.25,0.00%
2015-4-22,4.6,4.71,0.12,2.73%,4.6,4.72,12169516,567475.75,0.00%
2015-4-21,4.49,4.58,0.1,2.12%,4.49,4.59,13299154,603054.5,0.00%
2015-4-20,4.59,4.49,-0.1,-2.18%,4.47,4.65,12638764,576210.062,0.00%
2015-4-17,4.53,4.59,0.08,1.73%,4.53,4.63,12126834,554071.812,0.00%
2015-4-16,4.37,4.51,0.14,3.27%,4.32,4.52,10711659,473644.188,0.00%
2015-4-15,4.41,4.37,-0.04,-0.84%,4.36,4.45,11917793,524994.812,0.00%
2015-4-14,4.4,4.41,0,0.05%,4.37,4.46,9848464,433054.219,0.00%
2015-4-13,4.36,4.4,0.07,1.66%,4.34,4.42,8257742,360850.844,0.00%
2015-4-10,4.23,4.33,0.1,2.34%,4.21,4.34,10284435,440511.531,0.00%
2015-4-9,4.28,4.23,-0.03,-0.73%,4.19,4.3,11668332,495289.344,0.00%
2015-4-8,4.24,4.26,0.03,0.80%,4.18,4.28,9368158,396510.875,0.00%
2015-4-7,4.18,4.23,0.07,1.76%,4.16,4.23,12398464,519723.938,0.00%
2015-4-3,4.08,4.16,0.07,1.61%,4.07,4.16,10549231,433693.25,0.00%
2015-4-2,4.13,4.09,-0.01,-0.15%,4.04,4.14,20198228,823544.125,0.00%
2015-4-1,4.04,4.1,0.07,1.64%,4.03,4.12,14824101,604366.062,0.00%
2015-3-31,4.13,4.03,-0.04,-1.10%,3.98,4.15,27410138,1121269.625,0.00%
2015-3-30,3.98,4.08,0.13,3.19%,3.98,4.09,12802761,517686.875,0.00%
2015-3-27,3.93,3.95,0.03,0.77%,3.91,3.97,8845228,347980.031,0.00%
2015-3-26,3.9,3.92,0,0.08%,3.86,3.97,12752408,499238.812,0.00%
2015-3-25,3.93,3.92,-0.02,-0.61%,3.88,3.95,12189714,478112,0.00%
2015-3-24,3.95,3.94,0,-0.10%,3.87,3.96,16266947,637575.188,0.00%
2015-3-23,3.91,3.94,0.08,2.02%,3.9,3.98,9506120,373607.375,0.00%
2015-3-20,3.82,3.87,0.05,1.42%,3.81,3.9,12711220,488360.344,0.00%
2015-3-19,3.82,3.81,-0.02,-0.52%,3.79,3.83,13747985,524585.75,0.00%
2015-3-18,3.74,3.83,0.1,2.65%,3.74,3.84,13322043,503797.656,0.00%
2015-3-17,3.72,3.73,0.05,1.27%,3.7,3.74,13772577,512129.375,0.00%
2015-3-16,3.62,3.69,0.09,2.47%,3.6,3.69,12419542,452750.031,0.00%
2015-3-13,3.59,3.6,0.02,0.56%,3.57,3.62,9200029,331279.781,0.00%
2015-3-12,3.54,3.58,0.06,1.82%,3.53,3.6,14385133,512179.031,0.00%
2015-3-11,3.51,3.51,0,0.14%,3.5,3.56,14136150,499003.344,0.00%
2015-3-10,3.52,3.51,-0.02,-0.71%,3.5,3.54,10614478,372928.5,0.00%
2015-3-9,3.43,3.53,0.07,1.96%,3.4,3.54,14989498,518107.812,0.00%
2015-3-6,3.48,3.47,-0.02,-0.63%,3.46,3.5,9184234,319704.438,0.00%
2015-3-5,3.5,3.49,-0.03,-0.85%,3.45,3.51,10619007,369291.969,0.00%
2015-3-4,3.5,3.52,0.03,0.83%,3.48,3.53,8696867,304993.969,0.00%
2015-3-3,3.56,3.49,-0.1,-2.73%,3.48,3.56,11965033,421666.469,0.00%
2015-3-2,3.58,3.59,0.03,0.79%,3.55,3.6,11512422,411516.281,0.00%
2015-2-27,3.56,3.56,-0.01,-0.20%,3.54,3.58,10331788,368328.875,0.00%
2015-2-26,3.46,3.57,0.1,2.97%,3.44,3.57,12517041,439281.719,0.00%
2015-2-25,3.51,3.46,-0.05,-1.54%,3.44,3.51,13779805,479479.656,0.00%
2015-2-17,3.5,3.52,0.03,0.89%,3.5,3.53,8973060,315530.031,0.00%
2015-2-16,3.46,3.49,0.03,0.84%,3.45,3.5,8421548,292289.062,0.00%
2015-2-13,3.44,3.46,0.02,0.64%,3.44,3.5,10813775,375235.719,0.00%
2015-2-12,3.42,3.44,0.01,0.41%,3.39,3.45,7785122,266286,0.00%
2015-2-11,3.4,3.42,0.02,0.65%,3.4,3.44,11911260,407235.031,0.00%
2015-2-10,3.34,3.4,0.07,2.01%,3.33,3.4,13935346,469232.5,0.00%
2015-2-9,3.29,3.33,0.04,1.15%,3.29,3.37,12518566,416131,0.00%
2015-2-6,3.34,3.29,-0.05,-1.50%,3.27,3.36,13323766,443320.281,0.00%
2015-2-5,3.48,3.34,-0.04,-1.18%,3.34,3.48,14647722,501636.875,0.00%
2015-2-4,3.44,3.38,-0.04,-1.14%,3.38,3.47,10930569,375496.5,0.00%
2015-2-3,3.38,3.42,0.08,2.36%,3.35,3.44,8725037,295226.031,0.00%
2015-2-2,3.36,3.34,-0.08,-2.25%,3.33,3.4,8583404,288546.375,0.00%
2015-1-30,3.48,3.42,-0.04,-1.24%,3.41,3.5,11179817,385695.219,0.00%
2015-1-29,3.46,3.46,-0.04,-1.06%,3.43,3.49,9530566,330373.656,0.00%
2015-1-28,3.53,3.5,-0.06,-1.60%,3.49,3.57,9584009,337702.281,0.00%
2015-1-27,3.6,3.56,-0.04,-1.00%,3.49,3.61,12312449,436474.562,0.00%
2015-1-26,3.58,3.59,0.03,0.96%,3.54,3.6,8802065,314115.812,0.00%
2015-1-23,3.57,3.56,0.02,0.48%,3.53,3.61,9745623,348396.188,0.00%
2015-1-22,3.54,3.54,0.01,0.17%,3.5,3.57,9941914,351904.688,0.00%
2015-1-21,3.39,3.54,0.16,4.58%,3.39,3.56,13881856,479684.656,0.00%
2015-1-20,3.31,3.38,0.12,3.71%,3.3,3.41,17005138,571820.312,0.00%
2015-1-19,3.47,3.3,-0.37,-9.99%,3.3,3.5,12765272,437456.625,0.00%
2015-1-16,3.64,3.66,0.03,0.88%,3.63,3.68,13133958,480271.938,0.00%
2015-1-15,3.53,3.63,0.1,2.83%,3.5,3.64,13119281,466796.5,0.00%
2015-1-14,3.54,3.53,-0.01,-0.23%,3.49,3.57,9631631,341079.031,0.00%
2015-1-13,3.54,3.54,-0.01,-0.20%,3.51,3.58,9697401,344002.938,0.00%
2015-1-12,3.56,3.54,-0.01,-0.31%,3.49,3.58,13826505,489540.75,0.00%
2015-1-9,3.57,3.56,-0.03,-0.73%,3.54,3.72,20780564,750884.938,0.00%
2015-1-8,3.67,3.58,-0.08,-2.18%,3.57,3.68,12361366,446171.688,0.00%
2015-1-7,3.64,3.66,0,-0.03%,3.62,3.69,17043222,624352.688,0.00%
2015-1-6,3.66,3.66,-0.02,-0.68%,3.61,3.71,16023424,586977.125,0.00%
2015-1-5,3.6,3.69,0.11,3.19%,3.59,3.74,30758984,1130057.875,0.00%
2014-12-31,3.49,3.57,0.09,2.70%,3.48,3.58,14748614,521747.406,0.00%
2014-12-30,3.48,3.48,0,0.00%,3.45,3.53,13477504,469348.5,0.00%
2014-12-29,3.57,3.48,-0.02,-0.49%,3.43,3.6,24745094,872186.375,0.00%
2014-12-26,3.37,3.5,0.13,3.89%,3.36,3.5,17964518,617788.125,0.00%
2014-12-25,3.27,3.37,0.12,3.63%,3.26,3.37,17610132,581223.812,0.00%
2014-12-24,3.34,3.25,-0.09,-2.78%,3.2,3.37,20900444,688030.875,0.00%
2014-12-23,3.38,3.34,-0.07,-2.02%,3.33,3.45,19073574,647531.688,0.00%
2014-12-22,3.43,3.41,-0.02,-0.70%,3.4,3.48,18691136,643403.688,0.00%
2014-12-19,3.39,3.43,0.05,1.48%,3.31,3.44,21429542,725701.938,0.00%
2014-12-18,3.39,3.38,0,-0.12%,3.36,3.43,22410690,761895.312,0.00%
2014-12-17,3.34,3.39,0.06,1.71%,3.31,3.4,20043032,673089.375,0.00%
2014-12-16,3.25,3.33,0.08,2.33%,3.24,3.34,16418865,538131,0.00%
2014-12-15,3.22,3.26,0.04,1.15%,3.18,3.27,11291791,362693.75,0.00%
2014-12-12,3.22,3.22,0.01,0.31%,3.2,3.28,13442354,435928.844,0.00%
2014-12-11,3.2,3.21,-0.04,-1.08%,3.18,3.28,19211226,620219.875,0.00%
2014-12-10,3.2,3.24,0.11,3.61%,3.09,3.27,23570020,747461.5,0.00%
2014-12-9,3.26,3.13,-0.18,-5.52%,3,3.44,16196280,534820.688,0.00%
2014-12-8,3.14,3.31,0.15,4.81%,3.11,3.32,16625138,536213.562,0.00%
2014-12-5,3.19,3.16,-0.02,-0.60%,3.06,3.24,19759234,622773.688,0.00%
2014-12-4,3.03,3.18,0.18,6.07%,3.01,3.18,17863904,550100.438,0.00%
2014-12-3,2.97,3,0.03,1.08%,2.95,3.07,18562140,558514,0.00%
2014-12-2,2.85,2.97,0.11,3.96%,2.84,3,14079459,410069.188,0.00%
2014-12-1,2.86,2.85,0,0.11%,2.84,2.88,8192862,234729.188,0.00%
2014-11-28,2.78,2.85,0.07,2.37%,2.77,2.87,13651346,381149.75,0.00%
2014-11-27,2.77,2.78,0.02,0.91%,2.76,2.79,14180399,392620.969,0.00%
2014-11-26,2.73,2.76,0.03,1.10%,2.73,2.76,11842240,325051.812,0.00%
2014-11-25,2.7,2.73,0.03,1.04%,2.69,2.73,12741722,345321.094,0.00%
2014-11-24,2.65,2.7,0.08,2.86%,2.65,2.72,13277667,355836.156,0.00%
2014-11-21,2.58,2.63,0.05,1.90%,2.57,2.63,10309708,267209.031,0.00%
2014-11-20,2.57,2.58,0,0.16%,2.56,2.58,5993678,153962.938,0.00%
2014-11-19,2.58,2.57,-0.01,-0.31%,2.57,2.59,6915318,178240.078,0.00%
2014-11-18,2.61,2.58,-0.03,-1.07%,2.58,2.61,5918560,153308.469,0.00%
2014-11-17,2.65,2.61,-0.01,-0.42%,2.61,2.66,6877928,180676.219,0.00%
2014-11-14,2.61,2.62,0,0.11%,2.6,2.62,5247876,136861.859,0.00%
2014-11-13,2.63,2.62,-0.02,-0.57%,2.61,2.64,11701385,306818.438,0.00%
2014-11-12,2.59,2.63,0.04,1.46%,2.58,2.63,5575938,145014.5,0.00%
2014-11-11,2.62,2.59,-0.02,-0.65%,2.57,2.64,8693651,227167.719,0.00%
2014-11-10,2.55,2.61,0.07,2.80%,2.55,2.61,6772236,174256.703,0.00%
2014-11-7,2.55,2.54,0,-0.20%,2.53,2.58,8261054,210877.859,0.00%
2014-11-6,2.55,2.54,0,0.04%,2.52,2.55,7252258,184307.672,0.00%
2014-11-5,2.55,2.54,0,-0.12%,2.54,2.56,5502652,140095.344,0.00%
2014-11-4,2.54,2.55,0,-0.08%,2.54,2.55,5776702,147064.281,0.00%
2014-11-3,2.56,2.55,0,-0.20%,2.54,2.56,6135851,156774.922,0.00%
2014-10-31,2.51,2.55,0.05,2.00%,2.51,2.56,7323906,185424.812,0.00%
2014-10-30,2.49,2.5,0.02,0.60%,2.48,2.51,8426431,210234.797,0.00%
2014-10-29,2.46,2.49,0.03,1.26%,2.46,2.5,9098717,224888.094,0.00%
2014-10-28,2.42,2.46,0.05,1.99%,2.41,2.46,7081639,172120.625,0.00%
2014-10-27,2.42,2.41,-0.02,-0.95%,2.4,2.42,6444636,155300.875,0.00%
2014-10-24,2.44,2.43,0,-0.08%,2.43,2.44,5816380,141755.406,0.00%
2014-10-23,2.46,2.44,-0.03,-1.06%,2.43,2.46,7750312,190092.562,0.00%
2014-10-22,2.48,2.46,-0.01,-0.57%,2.46,2.49,6098877,150803.891,0.00%
2014-10-21,2.49,2.48,-0.02,-0.64%,2.47,2.5,5479022,136190.031,0.00%
2014-10-20,2.48,2.49,0.01,0.44%,2.48,2.49,5267684,131053.297,0.00%
2014-10-17,2.49,2.48,-0.01,-0.44%,2.46,2.5,7260138,179822.906,0.00%
2014-10-16,2.49,2.49,-0.01,-0.36%,2.48,2.52,5907808,147695.719,0.00%
2014-10-15,2.48,2.5,0.02,0.64%,2.47,2.5,5035691,125264.5,0.00%
2014-10-14,2.49,2.48,-0.01,-0.36%,2.48,2.5,7137540,177925.344,0.00%
2014-10-13,2.5,2.49,-0.01,-0.56%,2.47,2.5,6893526,171079.453,0.00%
2014-10-10,2.51,2.51,-0.01,-0.48%,2.5,2.52,6974428,175051.016,0.00%
2014-10-9,2.52,2.52,0,0.04%,2.5,2.53,6124162,154337.5,0.00%
2014-10-8,2.5,2.52,0.03,1.08%,2.48,2.52,8155298,203998.406,0.00%
2014-9-30,2.49,2.49,0,0.00%,2.48,2.5,5853168,145810.672,0.00%
2014-9-29,2.48,2.49,0.01,0.44%,2.48,2.49,7302410,181493.812,0.00%
2014-9-26,2.48,2.48,0,0.04%,2.46,2.49,7014042,173633.141,0.00%
2014-9-25,2.5,2.48,-0.01,-0.52%,2.47,2.51,11766578,293791.281,0.00%
2014-9-24,2.44,2.49,0.05,1.92%,2.43,2.5,10530460,260015.75,0.00%
2014-9-23,2.42,2.44,0.02,1.03%,2.42,2.45,6642956,161884.672,0.00%
2014-9-22,2.46,2.42,-0.05,-2.10%,2.42,2.46,6310352,153826.922,0.00%
2014-9-19,2.45,2.47,0.02,0.82%,2.45,2.48,7218656,177658.797,0.00%
2014-9-18,2.44,2.45,0.01,0.41%,2.43,2.46,8462794,207046.656,0.00%
2014-9-17,2.44,2.44,0.01,0.33%,2.43,2.45,5165644,126059.094,0.00%
2014-9-16,2.49,2.43,-0.04,-1.74%,2.43,2.49,6259854,154678,0.00%
2014-9-15,2.47,2.48,-0.01,-0.28%,2.46,2.48,6564734,162237.953,0.00%
2014-9-12,2.46,2.48,0.02,0.81%,2.46,2.48,5116386,126255.594,0.00%
2014-9-11,2.48,2.46,-0.01,-0.56%,2.46,2.51,7222658,179226.281,0.00%
2014-9-10,2.48,2.48,-0.02,-0.64%,2.47,2.48,5310512,131448.641,0.00%
2014-9-9,2.5,2.49,-0.01,-0.24%,2.48,2.5,3962326,98810.781,0.00%
2014-9-5,2.48,2.5,0.02,0.97%,2.48,2.5,6407412,159514.656,0.00%
2014-9-4,2.46,2.48,0.02,0.94%,2.45,2.48,4312598,106149.758,0.00%
2014-9-3,2.44,2.45,0.02,0.95%,2.44,2.46,5170651,126747.688,0.00%
2014-9-2,2.4,2.43,0.04,1.50%,2.39,2.44,7328856,176145.734,0.00%
2014-9-1,2.38,2.39,0.01,0.46%,2.38,2.4,5255470,125476.992,0.00%
2014-8-29,2.36,2.38,0.02,0.97%,2.36,2.38,4426938,104887.344,0.00%
2014-8-28,2.37,2.36,-0.01,-0.46%,2.36,2.38,5478510,129693.258,0.00%
2014-8-27,2.37,2.37,0,-0.04%,2.37,2.38,4512459,107131.242,0.00%
2014-8-26,2.38,2.37,-0.02,-0.63%,2.36,2.39,4553470,108399.094,0.00%
2014-8-25,2.41,2.39,-0.02,-0.87%,2.38,2.41,4375768,104761.117,0.00%
2014-8-22,2.4,2.41,0.01,0.50%,2.39,2.41,4913120,117955.484,0.00%
2014-8-21,2.4,2.4,-0.01,-0.37%,2.38,2.41,5065404,121164.172,0.00%
2014-8-20,2.41,2.4,-0.01,-0.37%,2.4,2.42,5345229,128713.18,0.00%
2014-8-19,2.42,2.41,0,0.08%,2.4,2.42,4951745,119438.836,0.00%
2014-8-18,2.41,2.41,0.01,0.33%,2.4,2.42,6385632,153891.953,0.00%
2014-8-15,2.38,2.4,0.03,1.26%,2.38,2.42,5759062,137908.672,0.00%
2014-8-14,2.4,2.37,-0.03,-1.21%,2.37,2.41,5364936,128277.016,0.00%
2014-8-13,2.4,2.4,0.01,0.29%,2.38,2.41,5660160,135445.578,0.00%
2014-8-12,2.4,2.4,-0.01,-0.42%,2.38,2.4,5253016,125687.875,0.00%
2014-8-11,2.38,2.41,0.03,1.39%,2.38,2.41,4944974,118567.477,0.00%
2014-8-8,2.37,2.37,0,0.04%,2.36,2.38,4976760,118184.156,0.00%
2014-8-7,2.4,2.37,-0.03,-1.08%,2.37,2.41,5575378,133255.062,0.00%
2014-8-6,2.4,2.4,-0.02,-0.62%,2.38,2.41,6313655,151118.719,0.00%
2014-8-5,2.42,2.41,-0.01,-0.29%,2.4,2.42,6128304,147614.188,0.00%
2014-8-4,2.38,2.42,0.05,2.15%,2.38,2.42,6360272,152693.109,0.00%
2014-8-1,2.39,2.37,-0.03,-1.21%,2.37,2.42,7790078,186641.312,0.00%
2014-7-31,2.37,2.4,0.03,1.35%,2.36,2.4,4861900,115496.305,0.00%
2014-7-30,2.36,2.37,-0.01,-0.34%,2.36,2.38,6079403,144195.312,0.00%
2014-7-29,2.37,2.37,0.01,0.25%,2.36,2.39,4265830,101149.539,0.00%
2014-7-28,2.31,2.37,0.06,2.69%,2.31,2.38,8375148,197337.141,0.00%
2014-7-25,2.28,2.31,0.03,1.14%,2.28,2.31,4877040,111549.375,0.00%
2014-7-24,2.24,2.28,0.05,2.15%,2.24,2.28,5738976,129984.516,0.00%
2014-7-23,2.23,2.23,0,0.18%,2.23,2.25,5186599,115910.953,0.00%
2014-7-22,2.2,2.23,0.03,1.18%,2.2,2.24,6256008,139034.625,0.00%
2014-7-21,2.2,2.2,0,-0.05%,2.2,2.21,3228193,71065.539,0.00%
2014-7-18,2.19,2.2,0.01,0.50%,2.19,2.21,3685582,81140.516,0.00%
2014-7-17,2.2,2.19,-0.01,-0.41%,2.18,2.2,3624174,79446.844,0.00%
2014-7-16,2.2,2.2,0,-0.05%,2.2,2.21,4748280,104741.578,0.00%
2014-7-15,2.2,2.2,0,-0.14%,2.2,2.2,3536153,77854.383,0.00%
2014-7-14,2.18,2.2,0.03,1.38%,2.18,2.21,5707724,124808.688,0.00%
2014-7-11,2.17,2.18,0.01,0.28%,2.17,2.18,3890224,84674.859,0.00%
2014-7-10,2.17,2.17,0,-0.09%,2.16,2.18,3337757,72452.445,0.00%
2014-7-9,2.2,2.17,-0.03,-1.27%,2.17,2.2,3637034,79552.281,0.00%
2014-7-8,2.19,2.2,0,0.14%,2.18,2.2,3291169,72152.609,0.00%
2014-7-7,2.2,2.2,0,-0.09%,2.19,2.2,3058049,67182.93,0.00%
2014-7-4,2.2,2.2,0,0.00%,2.19,2.2,3259943,71607.477,0.00%
2014-7-3,2.19,2.2,0.01,0.37%,2.18,2.21,3632747,79773.352,0.00%
2014-7-2,2.18,2.19,0.01,0.46%,2.17,2.19,3432223,74895.398,0.00%
2014-7-1,2.19,2.18,0,0.05%,2.17,2.19,2669586,58175.898,0.00%
2014-6-30,2.17,2.18,0.01,0.65%,2.17,2.19,5286536,115188.375,0.00%
2014-6-27,2.16,2.16,0,0.19%,2.15,2.18,4702265,101637.32,0.00%
2014-6-26,2.15,2.16,0.01,0.46%,2.15,2.17,4077076,88128.289,0.00%
2014-6-25,2.16,2.15,-0.01,-0.32%,2.14,2.16,3202632,68750.32,0.00%
2014-6-24,2.14,2.16,0.02,0.84%,2.14,2.16,4436854,95305.68,0.00%
2014-6-23,2.14,2.14,0,-0.14%,2.14,2.16,5523418,118583.734,0.00%
2014-6-20,2.14,2.14,0.01,0.37%,2.13,2.15,6533090,139836.109,0.00%
2014-6-19,2.17,2.14,-0.03,-1.43%,2.13,2.17,6884162,148116,0.00%
2014-6-18,2.18,2.17,-0.01,-0.46%,2.16,2.18,7097536,154233.5,0.00%
2014-6-17,2.19,2.18,-0.02,-0.82%,2.18,2.19,6756315,147370.484,0.00%
2014-6-16,2.18,2.19,0.01,0.64%,2.18,2.2,6881177,150652.906,0.00%
2014-6-13,2.16,2.18,0.02,1.11%,2.15,2.19,6213266,135045.047,0.00%
2014-6-12,2.15,2.16,0,-0.09%,2.15,2.16,2515414,54237.844,0.00%
2014-6-11,2.16,2.16,0,-0.19%,2.15,2.16,3218440,69428.961,0.00%
2014-6-10,2.14,2.16,0.03,1.36%,2.13,2.16,6639837,142757.422,0.00%
2014-6-9,2.13,2.13,0,-0.09%,2.12,2.16,4674115,100018.078,0.00%
2014-6-6,2.15,2.14,-0.02,-0.84%,2.12,2.15,4490880,95941.281,0.00%
2014-6-5,2.13,2.15,0.02,1.17%,2.13,2.15,4302067,91860.578,0.00%
2014-6-4,2.15,2.13,-0.02,-0.88%,2.12,2.15,4080484,86885.922,0.00%
2014-6-3,2.16,2.15,-0.01,-0.32%,2.15,2.17,3880030,83759.688,0.00%
2014-5-30,2.16,2.15,0,-0.09%,2.15,2.17,4536524,97827.266,0.00%
2014-5-29,2.17,2.16,-0.01,-0.60%,2.16,2.18,3954068,85682.109,0.00%
2014-5-28,2.15,2.17,0.02,1.02%,2.14,2.17,4454642,95859.516,0.00%
2014-5-27,2.15,2.15,-0.01,-0.32%,2.14,2.16,3877246,83461.992,0.00%
2014-5-26,2.16,2.15,0.01,0.33%,2.14,2.17,4659010,100277.148,0.00%
2014-5-23,2.13,2.15,0.02,1.13%,2.12,2.15,3598523,76778.781,0.00%
2014-5-22,2.13,2.12,-0.01,-0.28%,2.12,2.16,4562228,97713.281,0.00%
2014-5-21,2.1,2.13,0.02,0.95%,2.09,2.13,5292158,111975.023,0.00%
2014-5-20,2.12,2.11,0,-0.09%,2.1,2.13,2911719,61629.754,0.00%
2014-5-19,2.14,2.11,-0.03,-1.36%,2.1,2.14,5314496,112174.258,0.00%
2014-5-16,2.14,2.14,0,-0.05%,2.13,2.15,5072994,108621.008,0.00%
2014-5-15,2.16,2.14,-0.02,-1.11%,2.14,2.17,3704600,79805.414,0.00%
2014-5-14,2.17,2.16,0,0.00%,2.16,2.18,2676013,58035.098,0.00%
2014-5-13,2.17,2.16,-0.01,-0.28%,2.16,2.18,2396768,51989.828,0.00%
2014-5-12,2.14,2.17,0.04,2.02%,2.13,2.18,3896263,84148.781,0.00%
2014-5-9,2.14,2.13,0,-0.05%,2.12,2.14,3148898,67036.828,0.00%
2014-5-8,2.13,2.13,0,-0.19%,2.13,2.17,3038288,65073.645,0.00%
2014-5-7,2.14,2.13,-0.01,-0.65%,2.13,2.15,2808435,60075.629,0.00%
2014-5-6,2.15,2.15,0,-0.14%,2.14,2.17,4025842,86697.023,0.00%
2014-5-5,2.14,2.15,0,0.05%,2.12,2.16,4780498,102031.477,0.00%
2014-4-30,2.15,2.15,0,-0.05%,2.14,2.15,2976964,63955.047,0.00%
2014-4-29,2.13,2.15,0.02,0.89%,2.13,2.16,4387669,93766.492,0.00%
2014-4-28,2.16,2.13,-0.03,-1.39%,2.13,2.17,5070554,108575.016,0.00%
2014-4-25,2.19,2.16,-0.03,-1.23%,2.16,2.2,4353856,94903.094,0.00%
2014-4-24,2.18,2.19,0,0.18%,2.18,2.2,3374684,73906.883,0.00%
2014-4-23,2.18,2.18,-0.01,-0.27%,2.18,2.19,3426668,74898.07,0.00%
2014-4-22,2.18,2.19,0.02,0.69%,2.16,2.19,4551194,99047.703,0.00%
2014-4-21,2.2,2.18,-0.04,-1.81%,2.17,2.22,3798473,83896.703,0.00%
2014-4-18,2.21,2.22,0,-0.18%,2.19,2.22,3439956,75878.039,0.00%
2014-4-17,2.23,2.22,0,-0.18%,2.21,2.24,1966074,43705.605,0.00%
2014-4-16,2.22,2.22,0,0.00%,2.21,2.24,3070273,68380.305,0.00%
2014-4-15,2.25,2.22,-0.04,-1.77%,2.22,2.25,2262151,50564.992,0.00%
2014-4-14,2.26,2.26,0,-0.04%,2.25,2.27,2134908,48226.156,0.00%
2014-4-11,2.27,2.26,0,-0.04%,2.25,2.28,3067078,69435.805,0.00%
2014-4-10,2.23,2.26,0.04,1.62%,2.22,2.29,4754513,106770.227,0.00%
2014-4-9,2.24,2.23,0,-0.18%,2.22,2.24,2688657,60020.77,0.00%
2014-4-8,2.18,2.23,0.05,2.38%,2.17,2.24,3717931,82243.5,0.00%
2014-4-4,2.15,2.18,0.03,1.21%,2.15,2.18,1885588,40804.605,0.00%
2014-4-3,2.18,2.16,-0.02,-0.69%,2.15,2.19,3269473,71176.156,0.00%
2014-4-2,2.16,2.17,0.02,0.79%,2.15,2.18,1623972,35162.281,0.00%
2014-4-1,2.14,2.15,0.01,0.56%,2.14,2.17,1706957,36724.234,0.00%
2014-3-31,2.16,2.14,-0.01,-0.42%,2.13,2.16,2376536,51011.133,0.00%
2014-3-28,2.15,2.15,0,-0.05%,2.14,2.17,2004820,43170.172,0.00%
2014-3-27,2.16,2.15,-0.02,-0.69%,2.14,2.18,3566803,76905.336,0.00%
2014-3-26,2.17,2.17,0,0.00%,2.16,2.18,1587733,34426.906,0.00%
2014-3-25,2.16,2.17,0,-0.14%,2.16,2.19,2641548,57366.328,0.00%
2014-3-24,2.16,2.17,0.01,0.46%,2.14,2.18,3081318,66598.461,0.00%
2014-3-21,2.08,2.16,0.08,3.70%,2.07,2.16,4046807,85735.438,0.00%
2014-3-20,2.12,2.08,-0.04,-1.75%,2.08,2.13,2852527,60187.309,0.00%
2014-3-19,2.12,2.12,-0.01,-0.61%,2.1,2.12,1518428,32046.311,0.00%
2014-3-18,2.14,2.13,0,-0.09%,2.13,2.14,946710,20227.209,0.00%
2014-3-17,2.14,2.13,0.02,0.76%,2.12,2.14,1372904,29213.439,0.00%
2014-3-14,2.12,2.12,-0.02,-0.84%,2.11,2.13,1126163,23878.633,0.00%
2014-3-13,2.11,2.14,0.03,1.57%,2.11,2.14,2247718,47775.504,0.00%
2014-3-12,2.09,2.1,0,0.10%,2.09,2.12,2646605,55632.191,0.00%
2014-3-11,2.09,2.1,0.01,0.43%,2.08,2.12,2862877,60046.938,0.00%
2014-3-10,2.14,2.09,-0.07,-3.10%,2.09,2.14,2703462,57202.84,0.00%
2014-3-7,2.16,2.16,-0.01,-0.32%,2.16,2.18,2439540,52882.836,0.00%
2014-3-6,2.15,2.17,0.01,0.51%,2.13,2.17,4127699,88920.867,0.00%
2014-3-5,2.18,2.16,-0.02,-0.87%,2.15,2.18,3938170,85332.812,0.00%
2014-3-4,2.17,2.17,0,-0.23%,2.16,2.18,1879749,40773.809,0.00%
2014-3-3,2.17,2.18,0.01,0.37%,2.16,2.19,2663613,57937.574,0.00%
2014-2-28,2.15,2.17,0.02,1.02%,2.12,2.18,3394212,72965.461,0.00%
2014-2-27,2.16,2.15,0,-0.23%,2.15,2.17,3264827,70461.445,0.00%
2014-2-26,2.14,2.15,0,0.14%,2.13,2.16,4173650,89541.219,0.00%
2014-2-25,2.21,2.15,-0.06,-2.58%,2.15,2.22,3435203,74934.445,0.00%
2014-2-24,2.23,2.21,-0.05,-2.26%,2.19,2.24,2691036,59437.566,0.00%
2014-2-21,2.28,2.26,-0.03,-1.14%,2.25,2.29,2603374,59009.945,0.00%
2014-2-20,2.31,2.28,-0.02,-0.87%,2.28,2.33,2017749,46514.695,0.00%
2014-2-19,2.27,2.3,0.03,1.32%,2.27,2.31,3371678,77272.359,0.00%
2014-2-18,2.3,2.28,-0.03,-1.17%,2.27,2.3,2936986,67055.461,0.00%
2014-2-17,2.31,2.3,0.02,0.70%,2.29,2.31,1971994,45330.957,0.00%
2014-2-14,2.28,2.29,0.01,0.35%,2.27,2.29,1647132,37542.387,0.00%
2014-2-13,2.28,2.28,-0.01,-0.26%,2.28,2.3,2815558,64316.91,0.00%
2014-2-12,2.28,2.28,0,0.18%,2.27,2.29,2525285,57569.613,0.00%
2014-2-11,2.26,2.28,0.01,0.48%,2.26,2.29,2883879,65499.07,0.00%
2014-2-10,2.22,2.27,0.06,2.90%,2.22,2.27,6386222,143952.953,0.00%
2014-2-7,2.17,2.2,0.01,0.64%,2.17,2.21,3417278,74582.164,0.00%
2014-1-30,2.22,2.19,-0.03,-1.40%,2.19,2.22,2744495,60490.605,0.00%
2014-1-29,2.22,2.22,0.01,0.32%,2.22,2.23,1701588,37786.855,0.00%
2014-1-28,2.22,2.22,0,0.09%,2.2,2.23,2401396,53161.332,0.00%
2014-1-27,2.23,2.21,-0.03,-1.29%,2.2,2.23,2731128,60489.863,0.00%
2014-1-24,2.22,2.24,0.01,0.54%,2.22,2.26,2700642,60435.199,0.00%
2014-1-23,2.24,2.23,-0.01,-0.54%,2.22,2.24,2536862,56638.637,0.00%
2014-1-22,2.18,2.24,0.06,2.75%,2.18,2.24,3794402,84322.844,0.00%
2014-1-21,2.17,2.18,0.02,0.83%,2.17,2.2,2902638,63371.199,0.00%
2014-1-20,2.22,2.21,-0.01,-0.49%,2.2,2.23,2296622,50846.668,0.00%
2014-1-17,2.25,2.22,-0.03,-1.42%,2.22,2.25,2523920,56326.375,0.00%
2014-1-16,2.25,2.26,0,0.04%,2.24,2.27,2001024,45154.078,0.00%
2014-1-15,2.25,2.25,0,0.00%,2.24,2.26,3339884,75045.648,0.00%
2014-1-14,2.24,2.25,0.02,0.67%,2.22,2.26,2509260,56249.547,0.00%
2014-1-13,2.26,2.24,-0.02,-0.71%,2.23,2.27,4884821,109583.562,0.00%
2014-1-10,2.27,2.26,-0.02,-0.70%,2.25,2.27,3701782,83494.891,0.00%
2014-1-9,2.28,2.27,-0.01,-0.61%,2.27,2.31,3371289,76917.891,0.00%
2014-1-8,2.29,2.28,0,-0.09%,2.27,2.31,2050543,46965.23,0.00%
2014-1-7,2.27,2.29,0,0.04%,2.26,2.3,1525888,34821.492,0.00%
2014-1-6,2.34,2.29,-0.06,-2.39%,2.28,2.34,4834090,110696.867,0.00%
2014-1-3,2.36,2.34,-0.03,-1.10%,2.33,2.36,4404446,103005.125,0.00%
2014-1-2,2.37,2.37,-0.01,-0.34%,2.36,2.38,1877798,44410.957,0.00%
2013-12-31,2.34,2.38,0.03,1.15%,2.33,2.38,3527364,83135.516,0.00%
2013-12-30,2.36,2.35,0,0.09%,2.34,2.36,1999413,46964.934,0.00%
2013-12-27,2.32,2.35,0.03,1.34%,2.32,2.37,3564712,83440.047,0.00%
2013-12-26,2.34,2.32,-0.03,-1.36%,2.31,2.35,1922186,44713.656,0.00%
2013-12-25,2.34,2.35,0.01,0.51%,2.33,2.36,3246848,76016.867,0.00%
2013-12-24,2.34,2.34,0,0.13%,2.31,2.36,2634764,61665.938,0.00%
2013-12-23,2.33,2.33,0,0.00%,2.31,2.34,2598023,60501.043,0.00%
2013-12-20,2.39,2.33,-0.05,-2.14%,2.33,2.39,4594766,108116.07,0.00%
2013-12-19,2.41,2.38,-0.02,-0.96%,2.38,2.42,4290504,103039.062,0.00%
2013-12-18,2.41,2.41,0,0.08%,2.4,2.42,3015111,72641.078,0.00%
2013-12-17,2.42,2.4,-0.02,-0.62%,2.4,2.42,3966720,95701.188,0.00%
2013-12-16,2.46,2.42,-0.04,-1.63%,2.42,2.47,3608670,88015.523,0.00%
2013-12-13,2.44,2.46,0,-0.04%,2.43,2.47,3112770,76417.281,0.00%
2013-12-12,2.46,2.46,0,-0.20%,2.46,2.47,2974763,73317.719,0.00%
2013-12-11,2.49,2.47,-0.04,-1.56%,2.45,2.49,4144818,102534.844,0.00%
2013-12-10,2.51,2.5,0,-0.04%,2.5,2.52,3323144,83313.891,0.00%
2013-12-9,2.52,2.51,0,-0.04%,2.5,2.52,3990466,100086.992,0.00%
2013-12-6,2.52,2.51,-0.02,-0.67%,2.5,2.52,4617587,115825.398,0.00%
2013-12-5,2.52,2.52,0,0.00%,2.52,2.53,3567310,90066.602,0.00%
2013-12-4,2.5,2.52,0.03,1.28%,2.49,2.54,5593421,141076.281,0.00%
2013-12-3,2.47,2.49,0.02,0.89%,2.46,2.5,3994628,99042.008,0.00%
2013-12-2,2.48,2.47,-0.02,-0.92%,2.45,2.52,5338790,132327.828,0.00%
2013-11-29,2.49,2.49,0,0.08%,2.48,2.5,2455758,61202.375,0.00%
2013-11-28,2.47,2.49,0.03,1.05%,2.47,2.52,4348594,108531.133,0.00%
2013-11-27,2.44,2.46,0.03,1.15%,2.43,2.48,4380608,107562.711,0.00%
2013-11-26,2.44,2.44,0,-0.04%,2.43,2.45,2609522,63708.414,0.00%
2013-11-25,2.44,2.44,-0.01,-0.53%,2.43,2.47,3914382,95934.93,0.00%
2013-11-22,2.47,2.45,-0.01,-0.57%,2.44,2.48,3555561,87488.141,0.00%
2013-11-21,2.47,2.46,-0.01,-0.48%,2.44,2.47,3391182,83160.75,0.00%
2013-11-20,2.48,2.48,0.01,0.45%,2.46,2.49,3702883,91397.656,0.00%
2013-11-19,2.47,2.47,-0.01,-0.44%,2.46,2.48,2654410,65503.762,0.00%
2013-11-18,2.42,2.48,0.08,3.29%,2.41,2.48,3787733,92401.891,0.00%
2013-11-15,2.36,2.4,0.05,2.09%,2.36,2.43,5462144,130677.07,0.00%
2013-11-14,2.34,2.35,0.01,0.30%,2.33,2.35,2382376,55811.547,0.00%
2013-11-13,2.38,2.34,-0.04,-1.89%,2.34,2.38,2478247,58333.805,0.00%
2013-11-12,2.37,2.39,0.02,1.02%,2.36,2.39,2565125,61054.594,0.00%
2013-11-11,2.36,2.36,0,0.13%,2.34,2.37,2122233,50044.074,0.00%
2013-11-8,2.39,2.36,-0.04,-1.50%,2.36,2.4,2656414,63085.102,0.00%
2013-11-7,2.41,2.4,-0.01,-0.42%,2.38,2.41,2052678,49176.879,0.00%
2013-11-6,2.43,2.41,-0.03,-1.15%,2.4,2.44,2289483,55382.125,0.00%
2013-11-5,2.42,2.43,0,0.00%,2.4,2.44,2825304,68448.609,0.00%
2013-11-4,2.45,2.43,-0.01,-0.29%,2.43,2.46,2000608,48822.254,0.00%
2013-11-1,2.43,2.44,0.01,0.41%,2.42,2.45,2826247,68748.508,0.00%
2013-10-31,2.45,2.43,-0.02,-0.98%,2.42,2.45,1753140,42682.062,0.00%
2013-10-30,2.42,2.46,0.03,1.40%,2.42,2.46,3245841,79096.219,0.00%
2013-10-29,2.42,2.42,0,0.12%,2.38,2.46,4750693,114956.852,0.00%
2013-10-28,2.42,2.42,0,0.12%,2.4,2.43,2092770,50578.59,0.00%
2013-10-25,2.46,2.42,-0.04,-1.59%,2.4,2.46,2488843,60572.078,0.00%
2013-10-24,2.47,2.45,-0.02,-0.81%,2.45,2.48,2305748,56779.141,0.00%
2013-10-23,2.5,2.47,-0.03,-1.08%,2.47,2.53,3043314,75858.297,0.00%
2013-10-22,2.53,2.5,-0.03,-1.11%,2.49,2.53,2876841,72143.047,0.00%
2013-10-21,2.48,2.53,0.05,2.14%,2.47,2.53,3419880,85537.961,0.00%
2013-10-18,2.46,2.48,0.01,0.49%,2.46,2.49,2550712,63143.418,0.00%
2013-10-17,2.49,2.46,-0.01,-0.52%,2.46,2.49,1984922,49196.777,0.00%
2013-10-16,2.51,2.48,-0.04,-1.75%,2.47,2.51,2719204,67503.57,0.00%
2013-10-15,2.53,2.52,0,-0.12%,2.5,2.53,2412414,60778.477,0.00%
2013-10-14,2.53,2.52,0,0.04%,2.52,2.53,3536379,89268.172,0.00%
2013-10-11,2.49,2.52,0.04,1.61%,2.49,2.53,3498972,87917.305,0.00%
2013-10-10,2.51,2.48,-0.02,-0.88%,2.48,2.51,2755380,68704.391,0.00%
2013-10-9,2.49,2.5,0,0.12%,2.48,2.5,2725498,68022.297,0.00%
2013-10-8,2.44,2.5,0.04,1.42%,2.44,2.5,3137911,77711.492,0.00%
2013-9-30,2.46,2.47,0.02,0.65%,2.45,2.49,2088411,51397.688,0.00%
2013-9-27,2.44,2.45,0.01,0.37%,2.44,2.46,2248897,55004.613,0.00%
2013-9-26,2.47,2.44,-0.04,-1.65%,2.44,2.48,2794751,68586.109,0.00%
2013-9-25,2.5,2.48,-0.02,-0.60%,2.48,2.51,2211583,55202.398,0.00%
2013-9-24,2.52,2.5,-0.02,-0.95%,2.47,2.52,3125181,77996.344,0.00%
2013-9-23,2.49,2.52,0.04,1.41%,2.49,2.53,3926610,98523.75,0.00%
2013-9-18,2.48,2.49,0,0.12%,2.46,2.49,2512068,62325.426,0.00%
2013-9-17,2.53,2.48,-0.05,-1.97%,2.48,2.54,3053841,76621.375,0.00%
2013-9-16,2.56,2.53,-0.01,-0.51%,2.52,2.56,3715188,94322.18,0.00%
2013-9-13,2.56,2.55,-0.02,-0.74%,2.54,2.57,2681878,68497.859,0.00%
2013-9-12,2.54,2.57,0.02,0.98%,2.53,2.58,4560582,116333.297,0.00%
2013-9-11,2.54,2.54,0.01,0.43%,2.53,2.56,3801874,96749.75,0.00%
2013-9-10,2.5,2.53,0.03,1.32%,2.49,2.54,3997592,100041.328,0.00%
2013-9-9,2.42,2.5,0.09,3.70%,2.42,2.5,4642994,114174.5,0.00%
2013-9-6,2.39,2.41,0.01,0.58%,2.39,2.41,3928210,94225.289,0.00%
2013-9-5,2.4,2.39,-0.01,-0.42%,2.38,2.4,2763757,66163.148,0.00%
2013-9-4,2.4,2.4,0,-0.04%,2.4,2.41,3695618,88765.805,0.00%
2013-9-3,2.38,2.4,0.04,1.52%,2.37,2.4,3079873,73648.117,0.00%
2013-9-2,2.37,2.37,0,0.08%,2.35,2.38,3840558,90825.336,0.00%
2013-8-30,2.36,2.37,0,-0.17%,2.35,2.38,3279187,77663.062,0.00%
2013-8-29,2.39,2.37,-0.01,-0.29%,2.36,2.39,2969750,70472.25,0.00%
2013-8-28,2.37,2.38,-0.01,-0.46%,2.35,2.4,3317215,78766.25,0.00%
2013-8-27,2.38,2.39,0,0.00%,2.37,2.4,4062535,96755.781,0.00%
2013-8-26,2.34,2.39,0.05,2.23%,2.33,2.39,4385999,103762.273,0.00%
2013-8-23,2.36,2.34,-0.02,-0.64%,2.3,2.37,4276943,100401.688,0.00%
2013-8-22,2.36,2.35,-0.01,-0.34%,2.35,2.38,3156206,74644.797,0.00%
2013-8-21,2.37,2.36,0,0.00%,2.34,2.38,2680074,63119.566,0.00%
2013-8-20,2.38,2.36,-0.02,-0.72%,2.35,2.4,4416316,104883.508,0.00%
2013-8-19,2.35,2.38,0.02,0.85%,2.33,2.39,3923918,92516.938,0.00%
2013-8-16,2.37,2.36,-0.02,-0.72%,2.34,2.46,6019936,143887.969,0.00%
2013-8-15,2.4,2.37,-0.03,-1.17%,2.37,2.41,2973782,71216.148,0.00%
2013-8-14,2.41,2.4,0,-0.21%,2.39,2.44,3988344,96329.094,0.00%
2013-8-13,2.41,2.41,0,0.00%,2.39,2.41,3349544,80432.594,0.00%
2013-8-12,2.36,2.41,0.07,3.00%,2.34,2.41,5206173,123594.203,0.00%
2013-8-9,2.34,2.34,0.01,0.43%,2.3,2.35,2875775,67055.227,0.00%
2013-8-8,2.33,2.33,0,0.04%,2.32,2.35,3007779,70095.891,0.00%
2013-8-7,2.34,2.33,-0.02,-0.68%,2.32,2.36,2567650,60211.016,0.00%
2013-8-6,2.32,2.34,0.02,0.64%,2.3,2.36,3002481,69798.844,0.00%
2013-8-5,2.3,2.33,0.03,1.44%,2.29,2.33,2275330,52489.215,0.00%
2013-8-2,2.32,2.29,0,-0.17%,2.29,2.33,2824116,65172.398,0.00%
2013-8-1,2.26,2.3,0.06,2.64%,2.25,2.3,3144440,71630.203,0.00%
2013-7-31,2.25,2.24,0,0.22%,2.23,2.29,2474481,55757.352,0.00%
2013-7-30,2.24,2.23,0.01,0.59%,2.21,2.27,2436356,54495.211,0.00%
2013-7-29,2.24,2.22,-0.04,-1.94%,2.22,2.24,3077218,68575.758,0.00%
2013-7-26,2.27,2.26,-0.02,-0.92%,2.25,2.28,2351805,53314.375,0.00%
2013-7-25,2.3,2.29,-0.01,-0.26%,2.27,2.32,3240231,74376.008,0.00%
2013-7-24,2.3,2.29,-0.02,-0.74%,2.26,2.31,3726980,85170.031,0.00%
2013-7-23,2.25,2.31,0.07,3.13%,2.25,2.33,3892940,89337.164,0.00%
2013-7-22,2.2,2.24,0.01,0.63%,2.18,2.24,3737520,83149.273,0.00%
2013-7-19,2.29,2.22,-0.06,-2.75%,2.22,2.3,4124884,93550.148,0.00%
2013-7-18,2.32,2.29,-0.04,-1.55%,2.28,2.32,3601864,82779.047,0.00%
2013-7-17,2.35,2.32,-0.04,-1.48%,2.32,2.37,3068787,71858.18,0.00%
2013-7-16,2.34,2.36,0.01,0.60%,2.32,2.36,4723110,110343.172,0.00%
2013-7-15,2.33,2.34,0.03,1.43%,2.32,2.38,4048451,94931.562,0.00%
2013-7-12,2.37,2.31,-0.06,-2.49%,2.31,2.38,5941638,140001.672,0.00%
2013-7-11,2.28,2.37,0.11,5.00%,2.28,2.41,4163258,97740.656,0.00%
2013-7-10,2.2,2.26,0.06,2.78%,2.19,2.26,2528365,56414.527,0.00%
2013-7-9,2.2,2.2,0,-0.23%,2.19,2.21,4259904,93716.508,0.00%
2013-7-8,2.23,2.2,-0.06,-2.70%,2.2,2.24,1660163,36761.715,0.00%
2013-7-5,2.26,2.26,0.01,0.35%,2.25,2.29,1874797,42515.621,0.00%
2013-7-4,2.22,2.26,0.02,0.71%,2.21,2.28,2991885,67117.242,0.00%
2013-7-3,2.24,2.24,0,-0.22%,2.2,2.24,3017411,67028.992,0.00%
2013-7-2,2.24,2.24,0.01,0.31%,2.21,2.25,4514810,100870.93,0.00%
2013-7-1,2.2,2.24,0.01,0.40%,2.19,2.24,2225312,49357.637,0.00%
2013-6-28,2.21,2.23,0.04,1.83%,2.17,2.26,4976380,110286.117,0.00%
2013-6-27,2.2,2.19,0,0.05%,2.18,2.22,4750804,104518.336,0.00%
2013-6-26,2.19,2.19,0,-0.23%,2.15,2.2,5090009,110698.383,0.00%
2013-6-25,2.16,2.19,0,0.05%,2.04,2.19,9678250,207604.75,0.00%
2013-6-24,2.32,2.19,-0.14,-6.13%,2.18,2.32,7667555,171583.688,0.00%
2013-6-21,2.31,2.33,-0.01,-0.47%,2.29,2.35,3579532,83241.531,0.00%
2013-6-20,2.4,2.34,-0.08,-3.14%,2.34,2.41,3712645,88396.289,0.00%
2013-6-19,2.42,2.42,-0.01,-0.57%,2.38,2.42,2864450,68941.156,0.00%
2013-6-18,2.42,2.44,0.02,0.66%,2.41,2.44,3738954,90794.641,0.00%
2013-6-17,2.44,2.42,-0.02,-0.62%,2.42,2.45,3077433,74679.844,0.00%
2013-6-14,2.42,2.43,0.02,0.70%,2.41,2.44,3912454,95001.25,0.00%
2013-6-13,2.46,2.42,-0.08,-3.09%,2.39,2.46,6174688,148897.453,0.00%
2013-6-7,2.54,2.49,-0.05,-1.81%,2.48,2.55,3947622,98980.109,0.00%
2013-6-6,2.56,2.54,-0.02,-0.97%,2.54,2.57,2638059,67373.961,0.00%
2013-6-5,2.57,2.56,-0.01,-0.27%,2.56,2.58,2254500,57871.812,0.00%
2013-6-4,2.61,2.57,-0.04,-1.46%,2.56,2.61,4436294,114598.711,0.00%
2013-6-3,2.61,2.61,0,0.19%,2.6,2.63,3199072,83635.562,0.00%
2013-5-31,2.64,2.6,-0.03,-1.14%,2.6,2.64,5440864,142948.359,0.00%
2013-5-30,2.64,2.64,-0.01,-0.26%,2.62,2.65,5674700,149691.781,0.00%
2013-5-29,2.66,2.64,-0.01,-0.34%,2.64,2.67,3895438,103440.891,0.00%
2013-5-24,2.6,2.6,0.01,0.54%,2.57,2.62,4073633,105717.719,0.00%
2013-5-23,2.6,2.59,-0.03,-1.07%,2.58,2.63,2900757,75519.555,0.00%
2013-5-22,2.62,2.62,0,0.11%,2.61,2.63,1936316,50700.062,0.00%
2013-5-21,2.62,2.61,0,0.00%,2.6,2.62,2034481,53095.141,0.00%
2013-5-20,2.61,2.61,0.02,0.58%,2.6,2.63,2825608,73786.586,0.00%
2013-5-17,2.56,2.6,0.04,1.72%,2.55,2.6,4774812,122878.039,0.00%
2013-5-16,2.5,2.56,0.05,2.04%,2.49,2.56,4129314,104256.984,0.00%
2013-5-15,2.49,2.5,0.01,0.48%,2.49,2.5,1927894,48130.719,0.00%
2013-5-14,2.52,2.49,-0.04,-1.46%,2.47,2.53,2646563,66011.523,0.00%
2013-5-13,2.54,2.53,-0.01,-0.39%,2.51,2.55,1987403,50232.992,0.00%
2013-5-10,2.52,2.54,0.01,0.40%,2.52,2.55,2832553,71662.289,0.00%
2013-5-9,2.54,2.53,-0.01,-0.51%,2.51,2.54,1895550,47884.441,0.00%
2013-5-8,2.54,2.54,0.02,0.63%,2.53,2.57,2997252,76309.547,0.00%
2013-5-7,2.52,2.53,0.01,0.24%,2.5,2.54,2855262,71995.242,0.00%
2013-5-6,2.5,2.52,0.03,1.16%,2.5,2.53,2359821,59405.812,0.00%
2013-5-3,2.46,2.49,0.04,1.80%,2.45,2.52,3344748,83438.727,0.00%
2013-5-2,2.43,2.45,0,0.08%,2.42,2.45,2140702,52141.707,0.00%
2013-4-26,2.48,2.44,-0.02,-0.93%,2.43,2.49,1865288,45905.066,0.00%
2013-4-25,2.48,2.47,-0.03,-1.04%,2.46,2.51,2978325,73893.148,0.00%
2013-4-24,2.45,2.49,0.04,1.71%,2.45,2.51,3133921,77713.445,0.00%
2013-4-23,2.53,2.45,-0.08,-3.04%,2.45,2.53,3106698,76864.266,0.00%
2013-4-22,2.54,2.53,-0.01,-0.32%,2.52,2.54,2310741,58434.887,0.00%
2013-4-19,2.47,2.54,0.07,2.84%,2.47,2.55,5905395,148148.281,0.00%
2013-4-18,2.44,2.47,0,0.20%,2.44,2.49,4113052,101251.445,0.00%
2013-4-17,2.46,2.46,0.01,0.24%,2.44,2.46,4156771,101853.328,0.00%
2013-4-16,2.43,2.46,0.02,0.61%,2.42,2.46,4082438,99305.648,0.00%
2013-4-15,2.46,2.44,-0.02,-1.01%,2.43,2.46,2735599,66777.805,0.00%
2013-4-12,2.48,2.47,-0.01,-0.32%,2.46,2.48,2090345,51682.961,0.00%
2013-4-11,2.51,2.47,-0.01,-0.44%,2.47,2.51,2170252,54006.594,0.00%
2013-4-10,2.48,2.48,0,0.00%,2.47,2.49,2322471,57653.656,0.00%
2013-4-9,2.48,2.48,0.02,0.61%,2.48,2.51,4870229,121306.242,0.00%
2013-4-8,2.45,2.47,-0.01,-0.48%,2.43,2.47,3319436,81431.633,0.00%
2013-4-3,2.5,2.48,0,-0.20%,2.47,2.51,3168156,78882.836,0.00%
2013-4-2,2.49,2.49,0,0.16%,2.47,2.52,3725639,92874.148,0.00%
2013-4-1,2.48,2.48,0,-0.16%,2.48,2.5,3309090,82300.469,0.00%
2013-3-29,2.5,2.49,-0.01,-0.28%,2.48,2.51,3232432,80603.555,0.00%
2013-3-28,2.54,2.49,-0.08,-3.11%,2.49,2.54,4066694,101877.672,0.00%
2013-3-27,2.57,2.57,0.01,0.23%,2.56,2.61,4445452,114826.383,0.00%
2013-3-26,2.6,2.57,-0.04,-1.65%,2.54,2.6,5746422,147545.906,0.00%
2013-3-25,2.62,2.61,0,-0.15%,2.6,2.64,3428521,89685.789,0.00%
2013-3-22,2.61,2.62,0.01,0.27%,2.6,2.62,3630828,94792.156,0.00%
2013-3-21,2.61,2.61,0.01,0.27%,2.6,2.62,3606871,94153.469,0.00%
2013-3-20,2.52,2.6,0.08,3.05%,2.52,2.6,5888569,151196.984,0.00%
2013-3-19,2.51,2.52,0.02,0.88%,2.49,2.53,4337150,108874.344,0.00%
2013-3-18,2.52,2.5,-0.03,-1.07%,2.5,2.54,4252109,106971.258,0.00%
2013-3-15,2.53,2.53,0,0.08%,2.5,2.6,5027988,127878.297,0.00%
2013-3-14,2.51,2.53,0,0.20%,2.5,2.54,4439762,112146.586,0.00%
2013-3-13,2.55,2.52,-0.03,-1.10%,2.51,2.55,4421042,111884.57,0.00%
2013-3-12,2.59,2.55,-0.04,-1.43%,2.52,2.62,5303136,136578.391,0.00%
2013-3-11,2.59,2.59,-0.02,-0.69%,2.57,2.61,3553998,91968.359,0.00%
2013-3-8,2.62,2.6,0,-0.15%,2.6,2.63,5495202,143519.438,0.00%
2013-3-7,2.63,2.61,-0.03,-1.21%,2.58,2.65,7909466,207843.734,0.00%
2013-3-6,2.63,2.64,0.03,1.07%,2.61,2.66,5958096,156937.688,0.00%
2013-3-5,2.54,2.61,0.07,2.87%,2.54,2.62,5414035,139327.391,0.00%
2013-3-4,2.63,2.54,-0.13,-4.73%,2.53,2.63,7400084,191070.969,0.00%
2013-3-1,2.67,2.67,0,-0.11%,2.62,2.68,4276796,113395.203,0.00%
2013-2-28,2.61,2.67,0.09,3.37%,2.59,2.67,6133326,161339.641,0.00%
2013-2-27,2.57,2.58,0.02,0.94%,2.56,2.61,4683231,121004.914,0.00%
2013-2-26,2.58,2.56,-0.04,-1.46%,2.55,2.62,7929724,205900.469,0.00%
2013-2-25,2.6,2.6,0,0.15%,2.58,2.63,5475510,142352.984,0.00%
2013-2-22,2.6,2.59,-0.01,-0.31%,2.59,2.61,4107547,106932.984,0.00%
2013-2-21,2.67,2.6,-0.1,-3.56%,2.58,2.67,7321566,191668.719,0.00%
2013-2-20,2.68,2.7,0.01,0.45%,2.67,2.7,4610177,123673.203,0.00%
2013-2-19,2.73,2.68,-0.04,-1.61%,2.67,2.74,5411522,145820.328,0.00%
2013-2-18,2.78,2.73,-0.04,-1.48%,2.72,2.78,6967875,191681.656,0.00%
2013-2-8,2.77,2.77,0.01,0.33%,2.75,2.79,6296267,174374.266,0.00%
2013-2-7,2.77,2.76,-0.01,-0.47%,2.72,2.77,6087426,167546.516,0.00%
2013-2-6,2.77,2.77,0.01,0.29%,2.76,2.78,4626880,128188.906,0.00%
2013-2-5,2.73,2.76,0.02,0.73%,2.73,2.78,7356517,202709.797,0.00%
2013-2-4,2.75,2.74,0,0.18%,2.73,2.76,4247564,116727.656,0.00%
2013-2-1,2.68,2.74,0.05,1.93%,2.67,2.74,5398154,145873.594,0.00%
2013-1-31,2.69,2.69,0.01,0.26%,2.67,2.7,6927571,185655.781,0.00%
2013-1-30,2.67,2.68,0.02,0.56%,2.66,2.68,5385049,144060.031,0.00%
2013-1-29,2.65,2.67,0.02,0.76%,2.64,2.68,7826804,208158.688,0.00%
2013-1-28,2.58,2.65,0.07,2.72%,2.58,2.65,5635544,147643.125,0.00%
2013-1-25,2.59,2.58,-0.01,-0.46%,2.57,2.59,5722448,147663.656,0.00%
2013-1-24,2.6,2.59,-0.02,-0.65%,2.57,2.67,7873514,205615.984,0.00%
2013-1-23,2.6,2.6,0,0.19%,2.58,2.61,4179259,108447.258,0.00%
2013-1-22,2.6,2.6,0,-0.15%,2.58,2.62,7695142,200237.234,0.00%
2013-1-21,2.6,2.6,0.01,0.35%,2.58,2.61,4112879,106817.609,0.00%
2013-1-18,2.57,2.6,0.04,1.49%,2.55,2.61,4614400,119104.102,0.00%
2013-1-17,2.57,2.56,-0.02,-0.62%,2.54,2.57,4390935,112300.953,0.00%
2013-1-16,2.59,2.57,-0.02,-0.73%,2.54,2.6,4960658,127241.023,0.00%
2013-1-15,2.58,2.59,0.02,0.58%,2.58,2.6,4902077,126834.852,0.00%
2013-1-14,2.49,2.58,0.09,3.54%,2.48,2.59,7471834,189444.125,0.00%
2013-1-11,2.53,2.49,-0.04,-1.50%,2.48,2.54,5847044,146640.953,0.00%
2013-1-10,2.52,2.53,0.01,0.24%,2.51,2.55,4556250,115366.977,0.00%
2013-1-9,2.52,2.52,0,-0.08%,2.5,2.53,4399883,110916.758,0.00%
2013-1-8,2.53,2.52,-0.01,-0.43%,2.5,2.54,4000972,100848.688,0.00%
2013-1-7,2.52,2.53,0,0.16%,2.52,2.54,4148280,104857.367,0.00%
2013-1-4,2.55,2.53,0.01,0.24%,2.5,2.56,5364708,135842.203,0.00%
2012-12-31,2.49,2.52,0.04,1.61%,2.49,2.53,7702944,193447.281,0.00%
2012-12-28,2.46,2.48,0.04,1.47%,2.45,2.49,5157086,126957.016,0.00%
2012-12-27,2.46,2.45,0,-0.20%,2.45,2.48,4017303,98678.57,0.00%
2012-12-26,2.44,2.45,0.01,0.29%,2.44,2.46,3720030,91087.68,0.00%
2012-12-25,2.37,2.45,0.07,2.77%,2.37,2.46,4771782,115482.266,0.00%
2012-12-24,2.38,2.38,0,0.08%,2.37,2.4,5083168,121168.625,0.00%
2012-12-21,2.4,2.38,-0.01,-0.42%,2.37,2.41,4193594,100101.961,0.00%
2012-12-20,2.36,2.39,0.02,0.67%,2.35,2.4,4912790,116300.906,0.00%
2012-12-19,2.36,2.37,0.01,0.25%,2.36,2.39,3245530,76941.406,0.00%
2012-12-18,2.37,2.37,0,-0.17%,2.35,2.41,4463114,106045.32,0.00%
2012-12-17,2.4,2.4,0.01,0.29%,2.39,2.41,4750982,114107.906,0.00%
2012-12-14,2.28,2.4,0.12,5.04%,2.28,2.4,5740476,134851.219,0.00%
2012-12-13,2.29,2.28,-0.02,-0.78%,2.28,2.3,3332027,76175.148,0.00%
2012-12-12,2.3,2.3,0,0.22%,2.29,2.31,4694800,107688.422,0.00%
2012-12-11,2.29,2.29,-0.01,-0.30%,2.29,2.31,3256954,74754.148,0.00%
2012-12-10,2.29,2.3,0.02,0.92%,2.28,2.31,4975710,114133.016,0.00%
2012-12-7,2.24,2.28,0.04,2.01%,2.23,2.29,5774856,130574.156,0.00%
2012-12-6,2.24,2.24,0,-0.13%,2.23,2.25,4236821,94743.852,0.00%
2012-12-5,2.16,2.24,0.08,3.52%,2.16,2.25,6195196,137164.375,0.00%
2012-12-4,2.14,2.16,0.02,0.79%,2.14,2.17,3993001,85755.945,0.00%
2012-12-3,2.17,2.14,-0.02,-0.92%,2.14,2.18,3061587,66314.352,0.00%
2012-11-30,2.15,2.16,0.01,0.46%,2.15,2.17,4168374,89906.453,0.00%
2012-11-29,2.17,2.16,-0.01,-0.37%,2.15,2.17,3790226,82027.633,0.00%
2012-11-28,2.18,2.16,-0.02,-1.10%,2.16,2.18,3551281,77090.812,0.00%
2012-11-27,2.2,2.19,-0.02,-1.09%,2.19,2.21,3698311,81272.742,0.00%
2012-11-26,2.22,2.21,-0.01,-0.63%,2.2,2.22,3380704,74880.781,0.00%
2012-11-23,2.22,2.22,0.01,0.54%,2.21,2.24,4164644,92571,0.00%
2012-11-22,2.21,2.21,-0.01,-0.58%,2.2,2.22,2998818,66295.344,0.00%
2012-11-21,2.2,2.23,0.03,1.23%,2.19,2.23,4892438,108056.055,0.00%
2012-11-20,2.21,2.2,-0.01,-0.27%,2.2,2.22,3023697,66705.43,0.00%
2012-11-19,2.2,2.2,0,0.00%,2.18,2.21,3386253,74445.961,0.00%
2012-11-16,2.22,2.2,-0.02,-0.94%,2.2,2.22,4158327,91742.531,0.00%
2012-11-15,2.24,2.23,-0.03,-1.20%,2.22,2.26,4147742,92946.117,0.00%
2012-11-14,2.25,2.25,0.01,0.27%,2.24,2.26,3216383,72316.648,0.00%
2012-11-13,2.28,2.25,-0.04,-1.53%,2.24,2.28,3892474,87811.852,0.00%
2012-11-12,2.28,2.28,0.01,0.35%,2.26,2.29,3249623,74023.414,0.00%
2012-11-9,2.28,2.27,-0.01,-0.26%,2.27,2.28,3025111,68880.922,0.00%
2012-11-8,2.31,2.28,-0.04,-1.81%,2.28,2.31,3506991,80564.523,0.00%
2012-11-7,2.32,2.32,0,-0.09%,2.31,2.34,3100630,71976.328,0.00%
2012-11-6,2.34,2.32,-0.01,-0.39%,2.29,2.34,3118478,72109.297,0.00%
2012-11-5,2.34,2.33,-0.01,-0.26%,2.32,2.36,2417405,56452.492,0.00%
2012-11-2,2.33,2.34,0,0.21%,2.32,2.34,2662090,62099.176,0.00%
2012-11-1,2.29,2.33,0.05,2.10%,2.29,2.34,3381281,78593.32,0.00%
2012-10-31,2.27,2.29,0.02,0.70%,2.26,2.29,2433535,55409.906,0.00%
2012-10-30,2.27,2.27,0,0.22%,2.26,2.29,3304971,75087.641,0.00%
2012-10-29,2.27,2.26,-0.01,-0.48%,2.26,2.28,2383105,54085.043,0.00%
2012-10-26,2.33,2.28,-0.05,-2.23%,2.27,2.33,3059710,70131.305,0.00%
2012-10-25,2.35,2.33,-0.02,-0.81%,2.33,2.36,2435807,57013.848,0.00%
2012-10-24,2.34,2.35,0,-0.17%,2.34,2.36,2154704,50599.801,0.00%
2012-10-23,2.38,2.35,-0.03,-1.14%,2.35,2.38,2618563,61894.266,0.00%
2012-10-22,2.36,2.38,0.01,0.38%,2.35,2.38,2331995,55187.309,0.00%
